Algorithm;Train Accuracy;Train Precision;Train Recall;Train F1 Score;Test Accuracy;Test Precision;Test Recall;Test F1 Score;Val. Accuracy;Val. Precision;Val. Recall;Val. F1 Score;AUC;Bal. Strategy;% of Features;Folds;Feat. Selec. Strategy;Features;Model
RandomForestClassifier;1.0;1.0;1.0;1.0;1.0;1.0;1.0;1.0;0.9594;0.9627;0.9594;0.9593;1.0;not-balanced;60;10;kbest;['surprise', 'sadness', 'o_score', 'c_score', 'e_score', 'a_score', 'n_score'];RandomForestClassifier()
RandomForestClassifier;1.0;1.0;1.0;1.0;1.0;1.0;1.0;1.0;0.9594;0.9627;0.9594;0.9593;1.0;not-balanced;80;10;kbest;['fear', 'anger', 'surprise', 'sadness', 'disgust', 'o_score', 'c_score', 'e_score', 'a_score', 'n_score'];RandomForestClassifier()
RandomForestClassifier;1.0;1.0;1.0;1.0;1.0;1.0;1.0;1.0;0.9594;0.9627;0.9594;0.9593;1.0;not-balanced;60;10;kbest;['surprise', 'sadness', 'o_score', 'c_score', 'e_score', 'a_score', 'n_score'];RandomForestClassifier()
RandomForestClassifier;1.0;1.0;1.0;1.0;1.0;1.0;1.0;1.0;0.9594;0.9627;0.9594;0.9593;1.0;not-balanced;70;10;kbest;['fear', 'surprise', 'sadness', 'disgust', 'o_score', 'c_score', 'e_score', 'a_score', 'n_score'];RandomForestClassifier()
RandomForestClassifier;1.0;1.0;1.0;1.0;1.0;1.0;1.0;1.0;0.9594;0.9627;0.9594;0.9593;1.0;not-balanced;80;10;kbest;['fear', 'anger', 'surprise', 'sadness', 'disgust', 'o_score', 'c_score', 'e_score', 'a_score', 'n_score'];RandomForestClassifier()
RandomForestClassifier;1.0;1.0;1.0;1.0;1.0;1.0;1.0;1.0;0.9594;0.9627;0.9594;0.9593;1.0;not-balanced;60;10;kbest;['surprise', 'sadness', 'o_score', 'c_score', 'e_score', 'a_score', 'n_score'];RandomForestClassifier()
RandomForestClassifier;1.0;1.0;1.0;1.0;1.0;1.0;1.0;1.0;0.9594;0.9627;0.9594;0.9593;1.0;not-balanced;80;10;kbest;['fear', 'anger', 'surprise', 'sadness', 'disgust', 'o_score', 'c_score', 'e_score', 'a_score', 'n_score'];RandomForestClassifier()
RandomForestClassifier;1.0;1.0;1.0;1.0;1.0;1.0;1.0;1.0;0.9594;0.9627;0.9594;0.9593;1.0;not-balanced;80;10;kbest;['fear', 'anger', 'surprise', 'sadness', 'disgust', 'o_score', 'c_score', 'e_score', 'a_score', 'n_score'];RandomForestClassifier()
RandomForestClassifier;1.0;1.0;1.0;1.0;1.0;1.0;1.0;1.0;0.9594;0.9627;0.9594;0.9593;1.0;not-balanced;60;10;kbest;['surprise', 'sadness', 'o_score', 'c_score', 'e_score', 'a_score', 'n_score'];RandomForestClassifier()
RandomForestClassifier;1.0;1.0;1.0;1.0;1.0;1.0;1.0;1.0;0.9594;0.9627;0.9594;0.9593;1.0;not-balanced;80;10;kbest;['fear', 'anger', 'surprise', 'sadness', 'disgust', 'o_score', 'c_score', 'e_score', 'a_score', 'n_score'];RandomForestClassifier()
DecisionTreeClassifier;1.0;1.0;1.0;1.0;1.0;1.0;1.0;1.0;0.9594;0.9627;0.9594;0.9593;1.0;not-balanced;60;10;kbest;['surprise', 'sadness', 'o_score', 'c_score', 'e_score', 'a_score', 'n_score'];DecisionTreeClassifier()
DecisionTreeClassifier;1.0;1.0;1.0;1.0;1.0;1.0;1.0;1.0;0.9594;0.9627;0.9594;0.9593;1.0;not-balanced;70;10;kbest;['fear', 'surprise', 'sadness', 'disgust', 'o_score', 'c_score', 'e_score', 'a_score', 'n_score'];DecisionTreeClassifier()
DecisionTreeClassifier;1.0;1.0;1.0;1.0;1.0;1.0;1.0;1.0;0.9594;0.9627;0.9594;0.9593;1.0;not-balanced;60;10;kbest;['surprise', 'sadness', 'o_score', 'c_score', 'e_score', 'a_score', 'n_score'];DecisionTreeClassifier()
DecisionTreeClassifier;1.0;1.0;1.0;1.0;1.0;1.0;1.0;1.0;0.9594;0.9627;0.9594;0.9593;1.0;not-balanced;80;10;kbest;['fear', 'anger', 'surprise', 'sadness', 'disgust', 'o_score', 'c_score', 'e_score', 'a_score', 'n_score'];DecisionTreeClassifier()
DecisionTreeClassifier;1.0;1.0;1.0;1.0;1.0;1.0;1.0;1.0;0.9594;0.9627;0.9594;0.9593;1.0;not-balanced;80;10;kbest;['fear', 'anger', 'surprise', 'sadness', 'disgust', 'o_score', 'c_score', 'e_score', 'a_score', 'n_score'];DecisionTreeClassifier()
DecisionTreeClassifier;1.0;1.0;1.0;1.0;1.0;1.0;1.0;1.0;0.9594;0.9627;0.9594;0.9593;1.0;not-balanced;70;10;kbest;['fear', 'surprise', 'sadness', 'disgust', 'o_score', 'c_score', 'e_score', 'a_score', 'n_score'];DecisionTreeClassifier()
DecisionTreeClassifier;1.0;1.0;1.0;1.0;1.0;1.0;1.0;1.0;0.9594;0.9627;0.9594;0.9593;1.0;not-balanced;70;10;kbest;['fear', 'surprise', 'sadness', 'disgust', 'o_score', 'c_score', 'e_score', 'a_score', 'n_score'];DecisionTreeClassifier()
DecisionTreeClassifier;1.0;1.0;1.0;1.0;1.0;1.0;1.0;1.0;0.9594;0.9627;0.9594;0.9593;1.0;not-balanced;80;10;kbest;['fear', 'anger', 'surprise', 'sadness', 'disgust', 'o_score', 'c_score', 'e_score', 'a_score', 'n_score'];DecisionTreeClassifier()
DecisionTreeClassifier;1.0;1.0;1.0;1.0;1.0;1.0;1.0;1.0;0.9594;0.9627;0.9594;0.9593;1.0;not-balanced;80;10;kbest;['fear', 'anger', 'surprise', 'sadness', 'disgust', 'o_score', 'c_score', 'e_score', 'a_score', 'n_score'];DecisionTreeClassifier()
DecisionTreeClassifier;1.0;1.0;1.0;1.0;1.0;1.0;1.0;1.0;0.9594;0.9627;0.9594;0.9593;1.0;not-balanced;70;10;kbest;['fear', 'surprise', 'sadness', 'disgust', 'o_score', 'c_score', 'e_score', 'a_score', 'n_score'];DecisionTreeClassifier()
DecisionTreeClassifier;1.0;1.0;1.0;1.0;1.0;1.0;1.0;1.0;0.9594;0.9627;0.9594;0.9593;1.0;not-balanced;80;10;kbest;['fear', 'anger', 'surprise', 'sadness', 'disgust', 'o_score', 'c_score', 'e_score', 'a_score', 'n_score'];DecisionTreeClassifier()
DecisionTreeClassifier;1.0;1.0;1.0;1.0;1.0;1.0;1.0;1.0;0.9594;0.9627;0.9594;0.9593;1.0;not-balanced;60;10;kbest;['surprise', 'sadness', 'o_score', 'c_score', 'e_score', 'a_score', 'n_score'];DecisionTreeClassifier()
DecisionTreeClassifier;1.0;1.0;1.0;1.0;1.0;1.0;1.0;1.0;0.9594;0.9627;0.9594;0.9593;1.0;not-balanced;70;10;kbest;['fear', 'surprise', 'sadness', 'disgust', 'o_score', 'c_score', 'e_score', 'a_score', 'n_score'];DecisionTreeClassifier()
DecisionTreeClassifier;1.0;1.0;1.0;1.0;1.0;1.0;1.0;1.0;0.9594;0.9627;0.9594;0.9593;1.0;not-balanced;60;10;kbest;['surprise', 'sadness', 'o_score', 'c_score', 'e_score', 'a_score', 'n_score'];DecisionTreeClassifier()
RandomForestClassifier;1.0;1.0;1.0;1.0;1.0;1.0;1.0;1.0;0.9594;0.9627;0.9594;0.9593;1.0;not-balanced;60;10;kbest;['fear', 'sadness', 'o_score', 'c_score', 'e_score', 'a_score', 'n_score'];RandomForestClassifier()
RandomForestClassifier;1.0;1.0;1.0;1.0;1.0;1.0;1.0;1.0;0.957;0.9602;0.957;0.957;1.0;not-balanced;60;10;kbest;['surprise', 'sadness', 'o_score', 'c_score', 'e_score', 'a_score', 'n_score'];RandomForestClassifier()
RandomForestClassifier;1.0;1.0;1.0;1.0;1.0;1.0;1.0;1.0;0.9544;0.9577;0.9544;0.9545;1.0;not-balanced;80;10;kbest;['fear', 'anger', 'surprise', 'sadness', 'disgust', 'o_score', 'c_score', 'e_score', 'a_score', 'n_score'];RandomForestClassifier()
RandomForestClassifier;1.0;1.0;1.0;1.0;1.0;1.0;1.0;1.0;0.9524;0.9558;0.9524;0.9525;1.0;not-balanced;60;10;kbest;['surprise', 'sadness', 'o_score', 'c_score', 'e_score', 'a_score', 'n_score'];RandomForestClassifier()
RandomForestClassifier;1.0;1.0;1.0;1.0;1.0;1.0;1.0;1.0;0.952;0.9554;0.952;0.9521;1.0;not-balanced;70;10;kbest;['fear', 'surprise', 'sadness', 'disgust', 'o_score', 'c_score', 'e_score', 'a_score', 'n_score'];RandomForestClassifier()
RandomForestClassifier;1.0;1.0;1.0;1.0;1.0;1.0;1.0;1.0;0.9517;0.9552;0.9517;0.9519;1.0;not-balanced;80;10;kbest;['fear', 'anger', 'surprise', 'sadness', 'disgust', 'o_score', 'c_score', 'e_score', 'a_score', 'n_score'];RandomForestClassifier()
RandomForestClassifier;1.0;1.0;1.0;1.0;1.0;1.0;1.0;1.0;0.9055;0.928;0.9055;0.9115;1.0;not-balanced;80;10;kbest;['fear', 'anger', 'surprise', 'sadness', 'disgust', 'o_score', 'c_score', 'e_score', 'a_score', 'n_score'];RandomForestClassifier()
RandomForestClassifier;1.0;1.0;1.0;1.0;1.0;1.0;1.0;1.0;0.9017;0.9265;0.9017;0.9084;1.0;not-balanced;70;10;kbest;['fear', 'surprise', 'sadness', 'disgust', 'o_score', 'c_score', 'e_score', 'a_score', 'n_score'];RandomForestClassifier()
RandomForestClassifier;1.0;1.0;1.0;1.0;1.0;1.0;1.0;1.0;0.9009;0.9262;0.9009;0.9078;1.0;not-balanced;80;10;kbest;['fear', 'anger', 'surprise', 'sadness', 'disgust', 'o_score', 'c_score', 'e_score', 'a_score', 'n_score'];RandomForestClassifier()
RandomForestClassifier;1.0;1.0;1.0;1.0;1.0;1.0;1.0;1.0;0.8967;0.9246;0.8967;0.9044;1.0;not-balanced;70;10;kbest;['fear', 'surprise', 'sadness', 'disgust', 'o_score', 'c_score', 'e_score', 'a_score', 'n_score'];RandomForestClassifier()
RandomForestClassifier;1.0;1.0;1.0;1.0;1.0;1.0;1.0;1.0;0.8963;0.9244;0.8963;0.904;1.0;not-balanced;70;10;kbest;['fear', 'surprise', 'sadness', 'disgust', 'o_score', 'c_score', 'e_score', 'a_score', 'n_score'];RandomForestClassifier()
RandomForestClassifier;1.0;1.0;1.0;1.0;1.0;1.0;1.0;1.0;0.8963;0.9244;0.8963;0.904;1.0;not-balanced;70;10;kbest;['fear', 'surprise', 'sadness', 'disgust', 'o_score', 'c_score', 'e_score', 'a_score', 'n_score'];RandomForestClassifier()
RandomForestClassifier;1.0;1.0;1.0;1.0;1.0;1.0;1.0;1.0;0.8963;0.9244;0.8963;0.904;1.0;not-balanced;60;10;kbest;['surprise', 'sadness', 'o_score', 'c_score', 'e_score', 'a_score', 'n_score'];RandomForestClassifier()
RandomForestClassifier;1.0;1.0;1.0;1.0;1.0;1.0;1.0;1.0;0.885;0.9205;0.885;0.895;1.0;not-balanced;70;10;kbest;['fear', 'surprise', 'sadness', 'disgust', 'o_score', 'c_score', 'e_score', 'a_score', 'n_score'];RandomForestClassifier()
RandomForestClassifier;1.0;1.0;1.0;1.0;1.0;1.0;1.0;1.0;0.885;0.9205;0.885;0.895;1.0;not-balanced;60;10;kbest;['surprise', 'sadness', 'o_score', 'c_score', 'e_score', 'a_score', 'n_score'];RandomForestClassifier()
KNeighborsClassifier;1.0;1.0;1.0;1.0;1.0;1.0;1.0;1.0;0.8602;0.8922;0.8602;0.8567;1.0;not-balanced;70;10;kbest;['fear', 'surprise', 'sadness', 'disgust', 'o_score', 'c_score', 'e_score', 'a_score', 'n_score'];KNeighborsClassifier()
KNeighborsClassifier;1.0;1.0;1.0;1.0;1.0;1.0;1.0;1.0;0.8602;0.8922;0.8602;0.8567;1.0;not-balanced;60;10;kbest;['fear', 'surprise', 'o_score', 'c_score', 'e_score', 'a_score', 'n_score'];KNeighborsClassifier()
KNeighborsClassifier;1.0;1.0;1.0;1.0;1.0;1.0;1.0;1.0;0.8602;0.8922;0.8602;0.8567;1.0;not-balanced;60;10;kbest;['surprise', 'sadness', 'o_score', 'c_score', 'e_score', 'a_score', 'n_score'];KNeighborsClassifier()
KNeighborsClassifier;1.0;1.0;1.0;1.0;1.0;1.0;1.0;1.0;0.8602;0.8922;0.8602;0.8567;1.0;not-balanced;70;10;kbest;['fear', 'surprise', 'sadness', 'disgust', 'o_score', 'c_score', 'e_score', 'a_score', 'n_score'];KNeighborsClassifier()
KNeighborsClassifier;1.0;1.0;1.0;1.0;1.0;1.0;1.0;1.0;0.8602;0.8922;0.8602;0.8567;1.0;not-balanced;70;10;kbest;['fear', 'surprise', 'sadness', 'disgust', 'o_score', 'c_score', 'e_score', 'a_score', 'n_score'];KNeighborsClassifier()
KNeighborsClassifier;1.0;1.0;1.0;1.0;1.0;1.0;1.0;1.0;0.8602;0.8922;0.8602;0.8567;1.0;not-balanced;70;10;kbest;['fear', 'surprise', 'sadness', 'disgust', 'o_score', 'c_score', 'e_score', 'a_score', 'n_score'];KNeighborsClassifier()
KNeighborsClassifier;1.0;1.0;1.0;1.0;1.0;1.0;1.0;1.0;0.8602;0.8922;0.8602;0.8567;1.0;not-balanced;80;10;kbest;['fear', 'anger', 'surprise', 'sadness', 'disgust', 'o_score', 'c_score', 'e_score', 'a_score', 'n_score'];KNeighborsClassifier()
KNeighborsClassifier;1.0;1.0;1.0;1.0;1.0;1.0;1.0;1.0;0.8602;0.8922;0.8602;0.8567;1.0;not-balanced;70;10;kbest;['fear', 'surprise', 'sadness', 'disgust', 'o_score', 'c_score', 'e_score', 'a_score', 'n_score'];KNeighborsClassifier()
KNeighborsClassifier;1.0;1.0;1.0;1.0;1.0;1.0;1.0;1.0;0.8602;0.8922;0.8602;0.8567;1.0;not-balanced;80;10;kbest;['fear', 'anger', 'surprise', 'sadness', 'disgust', 'o_score', 'c_score', 'e_score', 'a_score', 'n_score'];KNeighborsClassifier()
KNeighborsClassifier;1.0;1.0;1.0;1.0;1.0;1.0;1.0;1.0;0.8602;0.8922;0.8602;0.8567;1.0;not-balanced;60;10;kbest;['surprise', 'sadness', 'o_score', 'c_score', 'e_score', 'a_score', 'n_score'];KNeighborsClassifier()
KNeighborsClassifier;1.0;1.0;1.0;1.0;1.0;1.0;1.0;1.0;0.8602;0.8922;0.8602;0.8567;1.0;not-balanced;70;10;kbest;['fear', 'surprise', 'sadness', 'disgust', 'o_score', 'c_score', 'e_score', 'a_score', 'n_score'];KNeighborsClassifier()
KNeighborsClassifier;1.0;1.0;1.0;1.0;1.0;1.0;1.0;1.0;0.8602;0.8922;0.8602;0.8567;1.0;not-balanced;80;10;kbest;['fear', 'anger', 'surprise', 'sadness', 'disgust', 'o_score', 'c_score', 'e_score', 'a_score', 'n_score'];KNeighborsClassifier()
KNeighborsClassifier;1.0;1.0;1.0;1.0;1.0;1.0;1.0;1.0;0.8602;0.8922;0.8602;0.8567;1.0;not-balanced;60;10;kbest;['surprise', 'sadness', 'o_score', 'c_score', 'e_score', 'a_score', 'n_score'];KNeighborsClassifier()
KNeighborsClassifier;1.0;1.0;1.0;1.0;1.0;1.0;1.0;1.0;0.8602;0.8922;0.8602;0.8567;1.0;not-balanced;80;10;kbest;['fear', 'anger', 'surprise', 'sadness', 'disgust', 'o_score', 'c_score', 'e_score', 'a_score', 'n_score'];KNeighborsClassifier()
KNeighborsClassifier;1.0;1.0;1.0;1.0;1.0;1.0;1.0;1.0;0.8602;0.8922;0.8602;0.8567;1.0;not-balanced;80;10;kbest;['fear', 'anger', 'surprise', 'sadness', 'disgust', 'o_score', 'c_score', 'e_score', 'a_score', 'n_score'];KNeighborsClassifier()
KNeighborsClassifier;1.0;1.0;1.0;1.0;1.0;1.0;1.0;1.0;0.8602;0.8922;0.8602;0.8567;1.0;not-balanced;60;10;kbest;['fear', 'surprise', 'o_score', 'c_score', 'e_score', 'a_score', 'n_score'];KNeighborsClassifier()
KNeighborsClassifier;1.0;1.0;1.0;1.0;1.0;1.0;1.0;1.0;0.8602;0.8922;0.8602;0.8567;1.0;not-balanced;70;10;kbest;['fear', 'surprise', 'sadness', 'disgust', 'o_score', 'c_score', 'e_score', 'a_score', 'n_score'];KNeighborsClassifier()
KNeighborsClassifier;1.0;1.0;1.0;1.0;1.0;1.0;1.0;1.0;0.8602;0.8922;0.8602;0.8567;1.0;not-balanced;80;10;kbest;['fear', 'anger', 'surprise', 'sadness', 'disgust', 'o_score', 'c_score', 'e_score', 'a_score', 'n_score'];KNeighborsClassifier()
KNeighborsClassifier;1.0;1.0;1.0;1.0;1.0;1.0;1.0;1.0;0.8602;0.8922;0.8602;0.8567;1.0;not-balanced;60;10;kbest;['surprise', 'sadness', 'o_score', 'c_score', 'e_score', 'a_score', 'n_score'];KNeighborsClassifier()
KNeighborsClassifier;1.0;1.0;1.0;1.0;1.0;1.0;1.0;1.0;0.8602;0.8922;0.8602;0.8567;1.0;not-balanced;70;10;kbest;['fear', 'surprise', 'sadness', 'disgust', 'o_score', 'c_score', 'e_score', 'a_score', 'n_score'];KNeighborsClassifier()
KNeighborsClassifier;1.0;1.0;1.0;1.0;1.0;1.0;1.0;1.0;0.8602;0.8922;0.8602;0.8567;1.0;not-balanced;80;10;kbest;['fear', 'anger', 'surprise', 'sadness', 'disgust', 'o_score', 'c_score', 'e_score', 'a_score', 'n_score'];KNeighborsClassifier()
KNeighborsClassifier;1.0;1.0;1.0;1.0;1.0;1.0;1.0;1.0;0.8602;0.8922;0.8602;0.8567;1.0;not-balanced;60;10;kbest;['surprise', 'sadness', 'o_score', 'c_score', 'e_score', 'a_score', 'n_score'];KNeighborsClassifier()
KNeighborsClassifier;1.0;1.0;1.0;1.0;1.0;1.0;1.0;1.0;0.8602;0.8922;0.8602;0.8567;1.0;not-balanced;70;10;kbest;['fear', 'surprise', 'sadness', 'disgust', 'o_score', 'c_score', 'e_score', 'a_score', 'n_score'];KNeighborsClassifier()
KNeighborsClassifier;1.0;1.0;1.0;1.0;1.0;1.0;1.0;1.0;0.8602;0.8922;0.8602;0.8567;1.0;not-balanced;80;10;kbest;['fear', 'anger', 'surprise', 'sadness', 'disgust', 'o_score', 'c_score', 'e_score', 'a_score', 'n_score'];KNeighborsClassifier()
KNeighborsClassifier;1.0;1.0;1.0;1.0;1.0;1.0;1.0;1.0;0.8602;0.8922;0.8602;0.8567;1.0;not-balanced;60;10;kbest;['surprise', 'sadness', 'o_score', 'c_score', 'e_score', 'a_score', 'n_score'];KNeighborsClassifier()
KNeighborsClassifier;1.0;1.0;1.0;1.0;1.0;1.0;1.0;1.0;0.8602;0.8922;0.8602;0.8567;1.0;not-balanced;60;10;kbest;['surprise', 'sadness', 'o_score', 'c_score', 'e_score', 'a_score', 'n_score'];KNeighborsClassifier()
KNeighborsClassifier;1.0;1.0;1.0;1.0;1.0;1.0;1.0;1.0;0.8602;0.8922;0.8602;0.8567;1.0;not-balanced;70;10;kbest;['fear', 'surprise', 'sadness', 'disgust', 'o_score', 'c_score', 'e_score', 'a_score', 'n_score'];KNeighborsClassifier()
KNeighborsClassifier;1.0;1.0;1.0;1.0;1.0;1.0;1.0;1.0;0.8602;0.8922;0.8602;0.8567;1.0;not-balanced;80;10;kbest;['fear', 'anger', 'surprise', 'sadness', 'disgust', 'o_score', 'c_score', 'e_score', 'a_score', 'n_score'];KNeighborsClassifier()
KNeighborsClassifier;1.0;1.0;1.0;1.0;1.0;1.0;1.0;1.0;0.8602;0.8922;0.8602;0.8567;1.0;not-balanced;60;10;kbest;['surprise', 'sadness', 'o_score', 'c_score', 'e_score', 'a_score', 'n_score'];KNeighborsClassifier()
KNeighborsClassifier;1.0;1.0;1.0;1.0;1.0;1.0;1.0;1.0;0.8601;0.8921;0.8601;0.8566;1.0;not-balanced;80;10;kbest;['fear', 'anger', 'surprise', 'sadness', 'disgust', 'o_score', 'c_score', 'e_score', 'a_score', 'n_score'];KNeighborsClassifier()
RandomForestClassifier;1.0;1.0;1.0;1.0;1.0;1.0;1.0;1.0;0.8538;0.9111;0.8538;0.8703;1.0;not-balanced;60;10;kbest;['surprise', 'sadness', 'o_score', 'c_score', 'e_score', 'a_score', 'n_score'];RandomForestClassifier()
RandomForestClassifier;1.0;1.0;1.0;1.0;1.0;1.0;1.0;1.0;0.8418;0.9079;0.8418;0.8608;1.0;not-balanced;70;10;kbest;['fear', 'surprise', 'sadness', 'disgust', 'o_score', 'c_score', 'e_score', 'a_score', 'n_score'];RandomForestClassifier()
RandomForestClassifier;1.0;1.0;1.0;1.0;1.0;1.0;1.0;1.0;0.8368;0.9066;0.8368;0.8568;1.0;not-balanced;70;10;kbest;['fear', 'surprise', 'sadness', 'disgust', 'o_score', 'c_score', 'e_score', 'a_score', 'n_score'];RandomForestClassifier()
RandomForestClassifier;1.0;1.0;1.0;1.0;1.0;1.0;1.0;1.0;0.8368;0.9066;0.8368;0.8568;1.0;not-balanced;80;10;kbest;['fear', 'anger', 'surprise', 'sadness', 'disgust', 'o_score', 'c_score', 'e_score', 'a_score', 'n_score'];RandomForestClassifier()
RandomForestClassifier;1.0;1.0;1.0;1.0;1.0;1.0;1.0;1.0;0.8368;0.9066;0.8368;0.8568;1.0;not-balanced;70;10;kbest;['fear', 'surprise', 'sadness', 'disgust', 'o_score', 'c_score', 'e_score', 'a_score', 'n_score'];RandomForestClassifier()
DecisionTreeClassifier;1.0;1.0;1.0;1.0;1.0;1.0;1.0;1.0;0.8368;0.9066;0.8368;0.8568;1.0;not-balanced;70;10;kbest;['fear', 'surprise', 'sadness', 'disgust', 'o_score', 'c_score', 'e_score', 'a_score', 'n_score'];DecisionTreeClassifier()
DecisionTreeClassifier;1.0;1.0;1.0;1.0;1.0;1.0;1.0;1.0;0.8368;0.9066;0.8368;0.8568;1.0;not-balanced;60;10;kbest;['fear', 'surprise', 'o_score', 'c_score', 'e_score', 'a_score', 'n_score'];DecisionTreeClassifier()
DecisionTreeClassifier;1.0;1.0;1.0;1.0;1.0;1.0;1.0;1.0;0.8368;0.9066;0.8368;0.8568;1.0;not-balanced;60;10;kbest;['surprise', 'sadness', 'o_score', 'c_score', 'e_score', 'a_score', 'n_score'];DecisionTreeClassifier()
DecisionTreeClassifier;1.0;1.0;1.0;1.0;1.0;1.0;1.0;1.0;0.8368;0.9066;0.8368;0.8568;1.0;not-balanced;70;10;kbest;['fear', 'surprise', 'sadness', 'disgust', 'o_score', 'c_score', 'e_score', 'a_score', 'n_score'];DecisionTreeClassifier()
DecisionTreeClassifier;1.0;1.0;1.0;1.0;1.0;1.0;1.0;1.0;0.8368;0.9066;0.8368;0.8568;1.0;not-balanced;60;10;kbest;['surprise', 'sadness', 'o_score', 'c_score', 'e_score', 'a_score', 'n_score'];DecisionTreeClassifier()
DecisionTreeClassifier;1.0;1.0;1.0;1.0;1.0;1.0;1.0;1.0;0.8368;0.9066;0.8368;0.8568;1.0;not-balanced;60;10;kbest;['surprise', 'sadness', 'o_score', 'c_score', 'e_score', 'a_score', 'n_score'];DecisionTreeClassifier()
MLPClassifier;1.0;1.0;1.0;1.0;1.0;1.0;1.0;1.0;0.8263;0.873;0.8263;0.8196;1.0;not-balanced;80;10;kbest;['fear', 'anger', 'surprise', 'sadness', 'disgust', 'o_score', 'c_score', 'e_score', 'a_score', 'n_score'];MLPClassifier()
MLPClassifier;1.0;1.0;1.0;1.0;1.0;1.0;1.0;1.0;0.8263;0.873;0.8263;0.8196;1.0;not-balanced;70;10;kbest;['fear', 'surprise', 'sadness', 'disgust', 'o_score', 'c_score', 'e_score', 'a_score', 'n_score'];MLPClassifier()
MLPClassifier;1.0;1.0;1.0;1.0;1.0;1.0;1.0;1.0;0.8263;0.873;0.8263;0.8196;1.0;not-balanced;80;10;kbest;['fear', 'anger', 'surprise', 'sadness', 'disgust', 'o_score', 'c_score', 'e_score', 'a_score', 'n_score'];MLPClassifier()
MLPClassifier;1.0;1.0;1.0;1.0;1.0;1.0;1.0;1.0;0.8263;0.873;0.8263;0.8196;1.0;not-balanced;60;10;kbest;['surprise', 'sadness', 'o_score', 'c_score', 'e_score', 'a_score', 'n_score'];MLPClassifier()
MLPClassifier;1.0;1.0;1.0;1.0;1.0;1.0;1.0;1.0;0.8262;0.873;0.8262;0.8195;1.0;not-balanced;70;10;kbest;['fear', 'surprise', 'sadness', 'disgust', 'o_score', 'c_score', 'e_score', 'a_score', 'n_score'];MLPClassifier()
MLPClassifier;1.0;1.0;1.0;1.0;1.0;1.0;1.0;1.0;0.8262;0.873;0.8262;0.8195;1.0;not-balanced;60;10;kbest;['surprise', 'sadness', 'o_score', 'c_score', 'e_score', 'a_score', 'n_score'];MLPClassifier()
MLPClassifier;1.0;1.0;1.0;1.0;1.0;1.0;1.0;1.0;0.7971;0.8581;0.7971;0.7863;1.0;not-balanced;80;10;kbest;['fear', 'anger', 'surprise', 'sadness', 'disgust', 'o_score', 'c_score', 'e_score', 'a_score', 'n_score'];MLPClassifier()
MLPClassifier;1.0;1.0;1.0;1.0;1.0;1.0;1.0;1.0;0.7971;0.8581;0.7971;0.7863;1.0;not-balanced;60;10;kbest;['surprise', 'sadness', 'o_score', 'c_score', 'e_score', 'a_score', 'n_score'];MLPClassifier()
MLPClassifier;1.0;1.0;1.0;1.0;1.0;1.0;1.0;1.0;0.7968;0.8574;0.7968;0.786;1.0;not-balanced;80;10;kbest;['fear', 'anger', 'surprise', 'sadness', 'disgust', 'o_score', 'c_score', 'e_score', 'a_score', 'n_score'];MLPClassifier()
MLPClassifier;1.0;1.0;1.0;1.0;1.0;1.0;1.0;1.0;0.7951;0.8214;0.7951;0.7898;1.0;not-balanced;60;10;kbest;['surprise', 'sadness', 'o_score', 'c_score', 'e_score', 'a_score', 'n_score'];MLPClassifier()
MLPClassifier;1.0;1.0;1.0;1.0;1.0;1.0;1.0;1.0;0.7923;0.8194;0.7923;0.7867;1.0;not-balanced;60;10;kbest;['surprise', 'sadness', 'o_score', 'c_score', 'e_score', 'a_score', 'n_score'];MLPClassifier()
MLPClassifier;1.0;1.0;1.0;1.0;1.0;1.0;1.0;1.0;0.7915;0.8158;0.7915;0.7863;1.0;not-balanced;80;10;kbest;['fear', 'anger', 'surprise', 'sadness', 'disgust', 'o_score', 'c_score', 'e_score', 'a_score', 'n_score'];MLPClassifier()
MLPClassifier;1.0;1.0;1.0;1.0;1.0;1.0;1.0;1.0;0.7894;0.8128;0.7894;0.7843;1.0;not-balanced;70;10;kbest;['fear', 'surprise', 'sadness', 'disgust', 'o_score', 'c_score', 'e_score', 'a_score', 'n_score'];MLPClassifier()
MLPClassifier;1.0;1.0;1.0;1.0;1.0;1.0;1.0;1.0;0.7864;0.8083;0.7864;0.7815;1.0;not-balanced;70;10;kbest;['fear', 'surprise', 'sadness', 'disgust', 'o_score', 'c_score', 'e_score', 'a_score', 'n_score'];MLPClassifier()
MLPClassifier;1.0;1.0;1.0;1.0;1.0;1.0;1.0;1.0;0.7857;0.8073;0.7857;0.7808;1.0;not-balanced;70;10;kbest;['fear', 'surprise', 'sadness', 'disgust', 'o_score', 'c_score', 'e_score', 'a_score', 'n_score'];MLPClassifier()
MLPClassifier;1.0;1.0;1.0;1.0;1.0;1.0;1.0;1.0;0.7857;0.8073;0.7857;0.7808;1.0;not-balanced;70;10;kbest;['fear', 'surprise', 'sadness', 'disgust', 'o_score', 'c_score', 'e_score', 'a_score', 'n_score'];MLPClassifier()
MLPClassifier;1.0;1.0;1.0;1.0;1.0;1.0;1.0;1.0;0.7857;0.8073;0.7857;0.7808;1.0;not-balanced;60;10;kbest;['surprise', 'sadness', 'o_score', 'c_score', 'e_score', 'a_score', 'n_score'];MLPClassifier()
SVC;1.0;1.0;1.0;1.0;1.0;1.0;1.0;1.0;0.7857;0.8073;0.7857;0.7808;1.0;not-balanced;60;10;kbest;['surprise', 'sadness', 'o_score', 'c_score', 'e_score', 'a_score', 'n_score'];SVC(probability=True)
SVC;1.0;1.0;1.0;1.0;1.0;1.0;1.0;1.0;0.7857;0.8073;0.7857;0.7808;1.0;not-balanced;80;10;kbest;['fear', 'anger', 'surprise', 'sadness', 'disgust', 'o_score', 'c_score', 'e_score', 'a_score', 'n_score'];SVC(probability=True)
SVC;1.0;1.0;1.0;1.0;1.0;1.0;1.0;1.0;0.7857;0.8073;0.7857;0.7808;1.0;not-balanced;60;10;kbest;['surprise', 'sadness', 'o_score', 'c_score', 'e_score', 'a_score', 'n_score'];SVC(probability=True)
SVC;1.0;1.0;1.0;1.0;1.0;1.0;1.0;1.0;0.7857;0.8073;0.7857;0.7808;1.0;not-balanced;70;10;kbest;['fear', 'surprise', 'sadness', 'disgust', 'o_score', 'c_score', 'e_score', 'a_score', 'n_score'];SVC(probability=True)
SVC;1.0;1.0;1.0;1.0;1.0;1.0;1.0;1.0;0.7857;0.8073;0.7857;0.7808;1.0;not-balanced;80;10;kbest;['fear', 'anger', 'surprise', 'sadness', 'disgust', 'o_score', 'c_score', 'e_score', 'a_score', 'n_score'];SVC(probability=True)
SVC;1.0;1.0;1.0;1.0;1.0;1.0;1.0;1.0;0.7857;0.8073;0.7857;0.7808;1.0;not-balanced;60;10;kbest;['surprise', 'sadness', 'o_score', 'c_score', 'e_score', 'a_score', 'n_score'];SVC(probability=True)
SVC;1.0;1.0;1.0;1.0;1.0;1.0;1.0;1.0;0.7857;0.8073;0.7857;0.7808;1.0;not-balanced;80;10;kbest;['fear', 'anger', 'surprise', 'sadness', 'disgust', 'o_score', 'c_score', 'e_score', 'a_score', 'n_score'];SVC(probability=True)
LogisticRegression;1.0;1.0;1.0;1.0;1.0;1.0;1.0;1.0;0.7857;0.8073;0.7857;0.7808;1.0;not-balanced;70;10;kbest;['fear', 'surprise', 'sadness', 'disgust', 'o_score', 'c_score', 'e_score', 'a_score', 'n_score'];LogisticRegression(max_iter=100000, multi_class='multinomial')
SVC;1.0;1.0;1.0;1.0;1.0;1.0;1.0;1.0;0.7857;0.8073;0.7857;0.7808;1.0;not-balanced;60;10;kbest;['surprise', 'sadness', 'o_score', 'c_score', 'e_score', 'a_score', 'n_score'];SVC(probability=True)
SVC;1.0;1.0;1.0;1.0;1.0;1.0;1.0;1.0;0.7857;0.8073;0.7857;0.7808;1.0;not-balanced;60;10;kbest;['surprise', 'sadness', 'o_score', 'c_score', 'e_score', 'a_score', 'n_score'];SVC(probability=True)
LogisticRegression;1.0;1.0;1.0;1.0;1.0;1.0;1.0;1.0;0.7857;0.8073;0.7857;0.7808;1.0;not-balanced;80;10;kbest;['fear', 'anger', 'surprise', 'sadness', 'disgust', 'o_score', 'c_score', 'e_score', 'a_score', 'n_score'];LogisticRegression(max_iter=100000, multi_class='multinomial')
LogisticRegression;1.0;1.0;1.0;1.0;1.0;1.0;1.0;1.0;0.7857;0.8073;0.7857;0.7808;1.0;not-balanced;70;10;kbest;['fear', 'surprise', 'sadness', 'disgust', 'o_score', 'c_score', 'e_score', 'a_score', 'n_score'];LogisticRegression(max_iter=100000, multi_class='multinomial')
LogisticRegression;1.0;1.0;1.0;1.0;1.0;1.0;1.0;1.0;0.7857;0.8073;0.7857;0.7808;1.0;not-balanced;60;10;kbest;['surprise', 'sadness', 'o_score', 'c_score', 'e_score', 'a_score', 'n_score'];LogisticRegression(max_iter=100000, multi_class='multinomial')
LogisticRegression;1.0;1.0;1.0;1.0;1.0;1.0;1.0;1.0;0.7857;0.8073;0.7857;0.7808;1.0;not-balanced;80;10;kbest;['fear', 'anger', 'surprise', 'sadness', 'disgust', 'o_score', 'c_score', 'e_score', 'a_score', 'n_score'];LogisticRegression(max_iter=100000, multi_class='multinomial')
LogisticRegression;1.0;1.0;1.0;1.0;1.0;1.0;1.0;1.0;0.7857;0.8073;0.7857;0.7808;1.0;not-balanced;70;10;kbest;['fear', 'surprise', 'sadness', 'disgust', 'o_score', 'c_score', 'e_score', 'a_score', 'n_score'];LogisticRegression(max_iter=100000, multi_class='multinomial')
LogisticRegression;1.0;1.0;1.0;1.0;1.0;1.0;1.0;1.0;0.7857;0.8073;0.7857;0.7808;1.0;not-balanced;60;10;kbest;['surprise', 'sadness', 'o_score', 'c_score', 'e_score', 'a_score', 'n_score'];LogisticRegression(max_iter=100000, multi_class='multinomial')
LogisticRegression;1.0;1.0;1.0;1.0;1.0;1.0;1.0;1.0;0.7857;0.8073;0.7857;0.7808;1.0;not-balanced;80;10;kbest;['fear', 'anger', 'surprise', 'sadness', 'disgust', 'o_score', 'c_score', 'e_score', 'a_score', 'n_score'];LogisticRegression(max_iter=100000, multi_class='multinomial')
LogisticRegression;1.0;1.0;1.0;1.0;1.0;1.0;1.0;1.0;0.7857;0.8073;0.7857;0.7808;1.0;not-balanced;70;10;kbest;['fear', 'surprise', 'sadness', 'disgust', 'o_score', 'c_score', 'e_score', 'a_score', 'n_score'];LogisticRegression(max_iter=100000, multi_class='multinomial')
SVC;1.0;1.0;1.0;1.0;1.0;1.0;1.0;1.0;0.7857;0.8073;0.7857;0.7808;1.0;not-balanced;70;10;kbest;['fear', 'surprise', 'sadness', 'disgust', 'o_score', 'c_score', 'e_score', 'a_score', 'n_score'];SVC(probability=True)
LogisticRegression;1.0;1.0;1.0;1.0;1.0;1.0;1.0;1.0;0.7857;0.8073;0.7857;0.7808;1.0;not-balanced;60;10;kbest;['surprise', 'sadness', 'o_score', 'c_score', 'e_score', 'a_score', 'n_score'];LogisticRegression(max_iter=100000, multi_class='multinomial')
SVC;1.0;1.0;1.0;1.0;1.0;1.0;1.0;1.0;0.7857;0.8073;0.7857;0.7808;1.0;not-balanced;80;10;kbest;['fear', 'anger', 'surprise', 'sadness', 'disgust', 'o_score', 'c_score', 'e_score', 'a_score', 'n_score'];SVC(probability=True)
SVC;1.0;1.0;1.0;1.0;1.0;1.0;1.0;1.0;0.7857;0.8073;0.7857;0.7808;1.0;not-balanced;80;10;kbest;['fear', 'anger', 'surprise', 'sadness', 'disgust', 'o_score', 'c_score', 'e_score', 'a_score', 'n_score'];SVC(probability=True)
SVC;1.0;1.0;1.0;1.0;1.0;1.0;1.0;1.0;0.7857;0.8073;0.7857;0.7808;1.0;not-balanced;70;10;kbest;['fear', 'surprise', 'sadness', 'disgust', 'o_score', 'c_score', 'e_score', 'a_score', 'n_score'];SVC(probability=True)
SVC;1.0;1.0;1.0;1.0;1.0;1.0;1.0;1.0;0.7857;0.8073;0.7857;0.7808;1.0;not-balanced;60;10;kbest;['fear', 'surprise', 'o_score', 'c_score', 'e_score', 'a_score', 'n_score'];SVC(probability=True)
SVC;1.0;1.0;1.0;1.0;1.0;1.0;1.0;1.0;0.7857;0.8073;0.7857;0.7808;1.0;not-balanced;80;10;kbest;['fear', 'anger', 'surprise', 'sadness', 'disgust', 'o_score', 'c_score', 'e_score', 'a_score', 'n_score'];SVC(probability=True)
SVC;1.0;1.0;1.0;1.0;1.0;1.0;1.0;1.0;0.7857;0.8073;0.7857;0.7808;1.0;not-balanced;70;10;kbest;['fear', 'surprise', 'sadness', 'disgust', 'o_score', 'c_score', 'e_score', 'a_score', 'n_score'];SVC(probability=True)
SVC;1.0;1.0;1.0;1.0;1.0;1.0;1.0;1.0;0.7857;0.8073;0.7857;0.7808;1.0;not-balanced;70;10;kbest;['fear', 'surprise', 'sadness', 'disgust', 'o_score', 'c_score', 'e_score', 'a_score', 'n_score'];SVC(probability=True)
SVC;1.0;1.0;1.0;1.0;1.0;1.0;1.0;1.0;0.7857;0.8073;0.7857;0.7808;1.0;not-balanced;60;10;kbest;['surprise', 'sadness', 'o_score', 'c_score', 'e_score', 'a_score', 'n_score'];SVC(probability=True)
SVC;1.0;1.0;1.0;1.0;1.0;1.0;1.0;1.0;0.7857;0.8073;0.7857;0.7808;1.0;not-balanced;80;10;kbest;['fear', 'anger', 'surprise', 'sadness', 'disgust', 'o_score', 'c_score', 'e_score', 'a_score', 'n_score'];SVC(probability=True)
SVC;1.0;1.0;1.0;1.0;1.0;1.0;1.0;1.0;0.7857;0.8073;0.7857;0.7808;1.0;not-balanced;70;10;kbest;['fear', 'surprise', 'sadness', 'disgust', 'o_score', 'c_score', 'e_score', 'a_score', 'n_score'];SVC(probability=True)
SVC;1.0;1.0;1.0;1.0;1.0;1.0;1.0;1.0;0.7857;0.8073;0.7857;0.7808;1.0;not-balanced;60;10;kbest;['surprise', 'sadness', 'o_score', 'c_score', 'e_score', 'a_score', 'n_score'];SVC(probability=True)
SVC;1.0;1.0;1.0;1.0;1.0;1.0;1.0;1.0;0.7857;0.8073;0.7857;0.7808;1.0;not-balanced;80;10;kbest;['fear', 'anger', 'surprise', 'sadness', 'disgust', 'o_score', 'c_score', 'e_score', 'a_score', 'n_score'];SVC(probability=True)
LogisticRegression;1.0;1.0;1.0;1.0;1.0;1.0;1.0;1.0;0.7857;0.8073;0.7857;0.7808;1.0;not-balanced;80;10;kbest;['fear', 'anger', 'surprise', 'sadness', 'disgust', 'o_score', 'c_score', 'e_score', 'a_score', 'n_score'];LogisticRegression(max_iter=100000, multi_class='multinomial')
LogisticRegression;1.0;1.0;1.0;1.0;1.0;1.0;1.0;1.0;0.7857;0.8073;0.7857;0.7808;1.0;not-balanced;60;10;kbest;['surprise', 'sadness', 'o_score', 'c_score', 'e_score', 'a_score', 'n_score'];LogisticRegression(max_iter=100000, multi_class='multinomial')
SVC;1.0;1.0;1.0;1.0;1.0;1.0;1.0;1.0;0.7857;0.8073;0.7857;0.7808;1.0;not-balanced;70;10;kbest;['fear', 'surprise', 'sadness', 'disgust', 'o_score', 'c_score', 'e_score', 'a_score', 'n_score'];SVC(probability=True)
SVC;1.0;1.0;1.0;1.0;1.0;1.0;1.0;1.0;0.7857;0.8073;0.7857;0.7808;1.0;not-balanced;80;10;kbest;['fear', 'anger', 'surprise', 'sadness', 'disgust', 'o_score', 'c_score', 'e_score', 'a_score', 'n_score'];SVC(probability=True)
SVC;1.0;1.0;1.0;1.0;1.0;1.0;1.0;1.0;0.7857;0.8073;0.7857;0.7808;1.0;not-balanced;70;10;kbest;['fear', 'surprise', 'sadness', 'disgust', 'o_score', 'c_score', 'e_score', 'a_score', 'n_score'];SVC(probability=True)
LogisticRegression;1.0;1.0;1.0;1.0;1.0;1.0;1.0;1.0;0.7857;0.8073;0.7857;0.7808;1.0;not-balanced;80;10;kbest;['fear', 'trust', 'surprise', 'sadness', 'disgust', 'o_score', 'c_score', 'e_score', 'a_score', 'n_score'];LogisticRegression(max_iter=100000, multi_class='multinomial')
LogisticRegression;1.0;1.0;1.0;1.0;1.0;1.0;1.0;1.0;0.7857;0.8073;0.7857;0.7808;1.0;not-balanced;70;10;kbest;['fear', 'surprise', 'sadness', 'disgust', 'o_score', 'c_score', 'e_score', 'a_score', 'n_score'];LogisticRegression(max_iter=100000, multi_class='multinomial')
LogisticRegression;1.0;1.0;1.0;1.0;1.0;1.0;1.0;1.0;0.7857;0.8073;0.7857;0.7808;1.0;not-balanced;60;10;kbest;['surprise', 'sadness', 'o_score', 'c_score', 'e_score', 'a_score', 'n_score'];LogisticRegression(max_iter=100000, multi_class='multinomial')
SVC;1.0;1.0;1.0;1.0;1.0;1.0;1.0;1.0;0.7857;0.8073;0.7857;0.7808;1.0;not-balanced;70;10;kbest;['fear', 'surprise', 'sadness', 'disgust', 'o_score', 'c_score', 'e_score', 'a_score', 'n_score'];SVC(probability=True)
LogisticRegression;1.0;1.0;1.0;1.0;1.0;1.0;1.0;1.0;0.7857;0.8073;0.7857;0.7808;1.0;not-balanced;80;10;kbest;['fear', 'anger', 'surprise', 'sadness', 'disgust', 'o_score', 'c_score', 'e_score', 'a_score', 'n_score'];LogisticRegression(max_iter=100000, multi_class='multinomial')
LogisticRegression;1.0;1.0;1.0;1.0;1.0;1.0;1.0;1.0;0.7857;0.8073;0.7857;0.7808;1.0;not-balanced;70;10;kbest;['fear', 'surprise', 'sadness', 'disgust', 'o_score', 'c_score', 'e_score', 'a_score', 'n_score'];LogisticRegression(max_iter=100000, multi_class='multinomial')
LogisticRegression;1.0;1.0;1.0;1.0;1.0;1.0;1.0;1.0;0.7857;0.8073;0.7857;0.7808;1.0;not-balanced;60;10;kbest;['surprise', 'sadness', 'o_score', 'c_score', 'e_score', 'a_score', 'n_score'];LogisticRegression(max_iter=100000, multi_class='multinomial')
LogisticRegression;1.0;1.0;1.0;1.0;1.0;1.0;1.0;1.0;0.7857;0.8073;0.7857;0.7808;1.0;not-balanced;60;10;kbest;['surprise', 'sadness', 'o_score', 'c_score', 'e_score', 'a_score', 'n_score'];LogisticRegression(max_iter=100000, multi_class='multinomial')
LogisticRegression;1.0;1.0;1.0;1.0;1.0;1.0;1.0;1.0;0.7857;0.8073;0.7857;0.7808;1.0;not-balanced;80;10;kbest;['fear', 'anger', 'surprise', 'sadness', 'disgust', 'o_score', 'c_score', 'e_score', 'a_score', 'n_score'];LogisticRegression(max_iter=100000, multi_class='multinomial')
LogisticRegression;1.0;1.0;1.0;1.0;1.0;1.0;1.0;1.0;0.7857;0.8073;0.7857;0.7808;1.0;not-balanced;70;10;kbest;['fear', 'surprise', 'sadness', 'disgust', 'o_score', 'c_score', 'e_score', 'a_score', 'n_score'];LogisticRegression(max_iter=100000, multi_class='multinomial')
LogisticRegression;1.0;1.0;1.0;1.0;1.0;1.0;1.0;1.0;0.7857;0.8073;0.7857;0.7808;1.0;not-balanced;60;10;kbest;['surprise', 'sadness', 'o_score', 'c_score', 'e_score', 'a_score', 'n_score'];LogisticRegression(max_iter=100000, multi_class='multinomial')
LogisticRegression;1.0;1.0;1.0;1.0;1.0;1.0;1.0;1.0;0.7857;0.8073;0.7857;0.7808;1.0;not-balanced;80;10;kbest;['fear', 'anger', 'surprise', 'sadness', 'disgust', 'o_score', 'c_score', 'e_score', 'a_score', 'n_score'];LogisticRegression(max_iter=100000, multi_class='multinomial')
SVC;1.0;1.0;1.0;1.0;1.0;1.0;1.0;1.0;0.7857;0.8073;0.7857;0.7808;1.0;not-balanced;60;10;kbest;['surprise', 'sadness', 'o_score', 'c_score', 'e_score', 'a_score', 'n_score'];SVC(probability=True)
LogisticRegression;1.0;1.0;1.0;1.0;1.0;1.0;1.0;1.0;0.7857;0.8073;0.7857;0.7808;1.0;not-balanced;70;10;kbest;['fear', 'surprise', 'sadness', 'disgust', 'o_score', 'c_score', 'e_score', 'a_score', 'n_score'];LogisticRegression(max_iter=100000, multi_class='multinomial')
LogisticRegression;1.0;1.0;1.0;1.0;1.0;1.0;1.0;1.0;0.7857;0.8073;0.7857;0.7808;1.0;not-balanced;60;10;kbest;['surprise', 'sadness', 'o_score', 'c_score', 'e_score', 'a_score', 'n_score'];LogisticRegression(max_iter=100000, multi_class='multinomial')
SVC;1.0;1.0;1.0;1.0;1.0;1.0;1.0;1.0;0.7857;0.8073;0.7857;0.7808;1.0;not-balanced;70;10;kbest;['fear', 'surprise', 'sadness', 'disgust', 'o_score', 'c_score', 'e_score', 'a_score', 'n_score'];SVC(probability=True)
LogisticRegression;1.0;1.0;1.0;1.0;1.0;1.0;1.0;1.0;0.7857;0.8073;0.7857;0.7808;1.0;not-balanced;80;10;kbest;['fear', 'anger', 'surprise', 'sadness', 'disgust', 'o_score', 'c_score', 'e_score', 'a_score', 'n_score'];LogisticRegression(max_iter=100000, multi_class='multinomial')
LogisticRegression;1.0;1.0;1.0;1.0;1.0;1.0;1.0;1.0;0.7857;0.8073;0.7857;0.7808;1.0;not-balanced;70;10;kbest;['fear', 'surprise', 'sadness', 'disgust', 'o_score', 'c_score', 'e_score', 'a_score', 'n_score'];LogisticRegression(max_iter=100000, multi_class='multinomial')
LogisticRegression;1.0;1.0;1.0;1.0;1.0;1.0;1.0;1.0;0.7857;0.8073;0.7857;0.7808;1.0;not-balanced;60;10;kbest;['surprise', 'sadness', 'o_score', 'c_score', 'e_score', 'a_score', 'n_score'];LogisticRegression(max_iter=100000, multi_class='multinomial')
LogisticRegression;1.0;1.0;1.0;1.0;1.0;1.0;1.0;1.0;0.7857;0.8073;0.7857;0.7808;1.0;not-balanced;80;10;kbest;['fear', 'anger', 'surprise', 'sadness', 'disgust', 'o_score', 'c_score', 'e_score', 'a_score', 'n_score'];LogisticRegression(max_iter=100000, multi_class='multinomial')
SVC;1.0;1.0;1.0;1.0;1.0;1.0;1.0;1.0;0.7857;0.8073;0.7857;0.7808;1.0;not-balanced;80;10;kbest;['fear', 'anger', 'surprise', 'sadness', 'disgust', 'o_score', 'c_score', 'e_score', 'a_score', 'n_score'];SVC(probability=True)
LogisticRegression;1.0;1.0;1.0;1.0;1.0;1.0;1.0;1.0;0.7857;0.8073;0.7857;0.7808;1.0;not-balanced;70;10;kbest;['fear', 'surprise', 'sadness', 'disgust', 'o_score', 'c_score', 'e_score', 'a_score', 'n_score'];LogisticRegression(max_iter=100000, multi_class='multinomial')
SVC;1.0;1.0;1.0;1.0;1.0;1.0;1.0;1.0;0.7857;0.8073;0.7857;0.7808;1.0;not-balanced;60;10;kbest;['surprise', 'sadness', 'o_score', 'c_score', 'e_score', 'a_score', 'n_score'];SVC(probability=True)
MLPClassifier;1.0;1.0;1.0;1.0;1.0;1.0;1.0;1.0;0.7856;0.8073;0.7856;0.7807;1.0;not-balanced;60;10;kbest;['surprise', 'sadness', 'o_score', 'c_score', 'e_score', 'a_score', 'n_score'];MLPClassifier()
MLPClassifier;1.0;1.0;1.0;1.0;1.0;1.0;1.0;1.0;0.7856;0.8073;0.7856;0.7807;1.0;not-balanced;60;10;kbest;['surprise', 'sadness', 'o_score', 'c_score', 'e_score', 'a_score', 'n_score'];MLPClassifier()
MLPClassifier;1.0;1.0;1.0;1.0;1.0;1.0;1.0;1.0;0.7855;0.8072;0.7855;0.7805;1.0;not-balanced;80;10;kbest;['fear', 'anger', 'surprise', 'sadness', 'disgust', 'o_score', 'c_score', 'e_score', 'a_score', 'n_score'];MLPClassifier()
MLPClassifier;1.0;1.0;1.0;1.0;1.0;1.0;1.0;1.0;0.7848;0.8067;0.7848;0.7798;1.0;not-balanced;60;10;kbest;['surprise', 'sadness', 'o_score', 'c_score', 'e_score', 'a_score', 'n_score'];MLPClassifier()
MLPClassifier;1.0;1.0;1.0;1.0;1.0;1.0;1.0;1.0;0.7847;0.8066;0.7847;0.7797;1.0;not-balanced;80;10;kbest;['fear', 'anger', 'surprise', 'sadness', 'disgust', 'o_score', 'c_score', 'e_score', 'a_score', 'n_score'];MLPClassifier()
MLPClassifier;1.0;1.0;1.0;1.0;1.0;1.0;1.0;1.0;0.7842;0.8062;0.7842;0.7791;1.0;not-balanced;70;10;kbest;['fear', 'surprise', 'sadness', 'disgust', 'o_score', 'c_score', 'e_score', 'a_score', 'n_score'];MLPClassifier()
MLPClassifier;1.0;1.0;1.0;1.0;1.0;1.0;1.0;1.0;0.781;0.8041;0.781;0.7756;1.0;not-balanced;80;10;kbest;['fear', 'anger', 'surprise', 'sadness', 'disgust', 'o_score', 'c_score', 'e_score', 'a_score', 'n_score'];MLPClassifier()
MLPClassifier;1.0;1.0;1.0;1.0;1.0;1.0;1.0;1.0;0.7618;0.7946;0.7618;0.7532;1.0;not-balanced;70;10;kbest;['fear', 'surprise', 'sadness', 'disgust', 'o_score', 'c_score', 'e_score', 'a_score', 'n_score'];MLPClassifier()
MLPClassifier;1.0;1.0;1.0;1.0;1.0;1.0;1.0;1.0;0.7585;0.7894;0.7585;0.7501;1.0;not-balanced;80;10;kbest;['fear', 'anger', 'surprise', 'sadness', 'disgust', 'o_score', 'c_score', 'e_score', 'a_score', 'n_score'];MLPClassifier()
MLPClassifier;1.0;1.0;1.0;1.0;1.0;1.0;1.0;1.0;0.7566;0.7864;0.7566;0.7484;1.0;not-balanced;80;10;kbest;['fear', 'anger', 'surprise', 'sadness', 'disgust', 'o_score', 'c_score', 'e_score', 'a_score', 'n_score'];MLPClassifier()
MLPClassifier;1.0;1.0;1.0;1.0;1.0;1.0;1.0;1.0;0.7565;0.7862;0.7565;0.7482;1.0;not-balanced;70;10;kbest;['fear', 'surprise', 'sadness', 'disgust', 'o_score', 'c_score', 'e_score', 'a_score', 'n_score'];MLPClassifier()
MLPClassifier;1.0;1.0;1.0;1.0;1.0;1.0;1.0;1.0;0.7565;0.7862;0.7565;0.7482;1.0;not-balanced;60;10;kbest;['surprise', 'sadness', 'o_score', 'c_score', 'e_score', 'a_score', 'n_score'];MLPClassifier()
MLPClassifier;1.0;1.0;1.0;1.0;1.0;1.0;1.0;1.0;0.7565;0.7862;0.7565;0.7482;1.0;not-balanced;70;10;kbest;['fear', 'surprise', 'sadness', 'disgust', 'o_score', 'c_score', 'e_score', 'a_score', 'n_score'];MLPClassifier()
DecisionTreeClassifier;1.0;1.0;1.0;1.0;1.0;1.0;1.0;1.0;0.7565;0.9465;0.7565;0.8047;1.0;not-balanced;60;10;kbest;['surprise', 'sadness', 'o_score', 'c_score', 'e_score', 'a_score', 'n_score'];DecisionTreeClassifier()
DecisionTreeClassifier;1.0;1.0;1.0;1.0;1.0;1.0;1.0;1.0;0.7565;0.9465;0.7565;0.8047;1.0;not-balanced;80;10;kbest;['fear', 'anger', 'surprise', 'sadness', 'disgust', 'o_score', 'c_score', 'e_score', 'a_score', 'n_score'];DecisionTreeClassifier()
DecisionTreeClassifier;1.0;1.0;1.0;1.0;1.0;1.0;1.0;1.0;0.7565;0.9465;0.7565;0.8047;1.0;not-balanced;80;10;kbest;['fear', 'anger', 'surprise', 'sadness', 'disgust', 'o_score', 'c_score', 'e_score', 'a_score', 'n_score'];DecisionTreeClassifier()
DecisionTreeClassifier;1.0;1.0;1.0;1.0;1.0;1.0;1.0;1.0;0.7565;0.9465;0.7565;0.8047;1.0;not-balanced;60;10;kbest;['surprise', 'sadness', 'o_score', 'c_score', 'e_score', 'a_score', 'n_score'];DecisionTreeClassifier()
DecisionTreeClassifier;1.0;1.0;1.0;1.0;1.0;1.0;1.0;1.0;0.7565;0.9465;0.7565;0.8047;1.0;not-balanced;80;10;kbest;['fear', 'anger', 'surprise', 'sadness', 'disgust', 'o_score', 'c_score', 'e_score', 'a_score', 'n_score'];DecisionTreeClassifier()
DecisionTreeClassifier;1.0;1.0;1.0;1.0;1.0;1.0;1.0;1.0;0.7565;0.9465;0.7565;0.8047;1.0;not-balanced;70;10;kbest;['fear', 'surprise', 'sadness', 'disgust', 'o_score', 'c_score', 'e_score', 'a_score', 'n_score'];DecisionTreeClassifier()
DecisionTreeClassifier;1.0;1.0;1.0;1.0;1.0;1.0;1.0;1.0;0.7565;0.9465;0.7565;0.8047;1.0;not-balanced;70;10;kbest;['fear', 'surprise', 'sadness', 'disgust', 'o_score', 'c_score', 'e_score', 'a_score', 'n_score'];DecisionTreeClassifier()
DecisionTreeClassifier;1.0;1.0;1.0;1.0;1.0;1.0;1.0;1.0;0.7565;0.9465;0.7565;0.8047;1.0;not-balanced;80;10;kbest;['fear', 'anger', 'surprise', 'sadness', 'disgust', 'o_score', 'c_score', 'e_score', 'a_score', 'n_score'];DecisionTreeClassifier()
DecisionTreeClassifier;1.0;1.0;1.0;1.0;1.0;1.0;1.0;1.0;0.7565;0.9465;0.7565;0.8047;1.0;not-balanced;80;10;kbest;['fear', 'anger', 'surprise', 'sadness', 'disgust', 'o_score', 'c_score', 'e_score', 'a_score', 'n_score'];DecisionTreeClassifier()
DecisionTreeClassifier;1.0;1.0;1.0;1.0;1.0;1.0;1.0;1.0;0.7565;0.9465;0.7565;0.8047;1.0;not-balanced;70;10;kbest;['fear', 'surprise', 'sadness', 'disgust', 'o_score', 'c_score', 'e_score', 'a_score', 'n_score'];DecisionTreeClassifier()
GaussianNB;0.9999;0.9999;0.9999;0.9999;1.0;1.0;1.0;1.0;0.7499;0.8365;0.7499;0.7293;1.0;not-balanced;60;10;kbest;['fear', 'surprise', 'o_score', 'c_score', 'e_score', 'a_score', 'n_score'];GaussianNB()
GaussianNB;0.9999;0.9999;0.9999;0.9999;1.0;1.0;1.0;1.0;0.7422;0.8333;0.7422;0.7196;1.0;not-balanced;60;10;kbest;['surprise', 'sadness', 'o_score', 'c_score', 'e_score', 'a_score', 'n_score'];GaussianNB()
GaussianNB;1.0;1.0;1.0;0.9999;1.0;1.0;1.0;1.0;0.7422;0.8333;0.7422;0.7196;1.0;not-balanced;60;10;kbest;['surprise', 'sadness', 'o_score', 'c_score', 'e_score', 'a_score', 'n_score'];GaussianNB()
GaussianNB;1.0;1.0;1.0;0.9999;1.0;1.0;1.0;1.0;0.7422;0.8333;0.7422;0.7196;1.0;not-balanced;60;10;kbest;['surprise', 'sadness', 'o_score', 'c_score', 'e_score', 'a_score', 'n_score'];GaussianNB()
GaussianNB;0.9999;0.9999;0.9999;0.9999;1.0;1.0;1.0;1.0;0.7422;0.8333;0.7422;0.7196;1.0;not-balanced;60;10;kbest;['surprise', 'sadness', 'o_score', 'c_score', 'e_score', 'a_score', 'n_score'];GaussianNB()
GaussianNB;1.0;1.0;1.0;0.9999;1.0;1.0;1.0;1.0;0.7422;0.8333;0.7422;0.7196;1.0;not-balanced;60;10;kbest;['surprise', 'sadness', 'o_score', 'c_score', 'e_score', 'a_score', 'n_score'];GaussianNB()
GaussianNB;0.9999;0.9999;0.9999;0.9999;1.0;1.0;1.0;1.0;0.7422;0.8333;0.7422;0.7196;1.0;not-balanced;60;10;kbest;['surprise', 'sadness', 'o_score', 'c_score', 'e_score', 'a_score', 'n_score'];GaussianNB()
GaussianNB;1.0;1.0;1.0;0.9999;1.0;1.0;1.0;1.0;0.7422;0.8333;0.7422;0.7196;1.0;not-balanced;60;10;kbest;['surprise', 'sadness', 'o_score', 'c_score', 'e_score', 'a_score', 'n_score'];GaussianNB()
GaussianNB;1.0;1.0;1.0;0.9999;1.0;1.0;1.0;1.0;0.7422;0.8333;0.7422;0.7196;1.0;not-balanced;60;10;kbest;['surprise', 'sadness', 'o_score', 'c_score', 'e_score', 'a_score', 'n_score'];GaussianNB()
GaussianNB;1.0;1.0;1.0;0.9999;1.0;1.0;1.0;1.0;0.7422;0.8333;0.7422;0.7196;1.0;not-balanced;60;10;kbest;['surprise', 'sadness', 'o_score', 'c_score', 'e_score', 'a_score', 'n_score'];GaussianNB()
GaussianNB;0.9998;0.9998;0.9998;0.9996;1.0;1.0;1.0;1.0;0.7418;0.8331;0.7418;0.719;0.9999;not-balanced;70;10;kbest;['fear', 'surprise', 'sadness', 'disgust', 'o_score', 'c_score', 'e_score', 'a_score', 'n_score'];GaussianNB()
GaussianNB;0.9998;0.9998;0.9998;0.9997;1.0;1.0;1.0;1.0;0.7418;0.8331;0.7418;0.719;0.9999;not-balanced;70;10;kbest;['fear', 'surprise', 'sadness', 'disgust', 'o_score', 'c_score', 'e_score', 'a_score', 'n_score'];GaussianNB()
GaussianNB;0.9998;0.9998;0.9998;0.9998;1.0;1.0;1.0;1.0;0.7418;0.8331;0.7418;0.719;0.9999;not-balanced;70;10;kbest;['fear', 'surprise', 'sadness', 'disgust', 'o_score', 'c_score', 'e_score', 'a_score', 'n_score'];GaussianNB()
GaussianNB;0.9996;0.9996;0.9996;0.9994;0.9993;0.9993;0.9993;0.9993;0.7392;0.832;0.7392;0.7157;0.9998;not-balanced;80;10;kbest;['fear', 'anger', 'surprise', 'sadness', 'disgust', 'o_score', 'c_score', 'e_score', 'a_score', 'n_score'];GaussianNB()
GaussianNB;0.9996;0.9996;0.9996;0.9995;1.0;1.0;1.0;1.0;0.7392;0.832;0.7392;0.7157;0.9997;not-balanced;80;10;kbest;['fear', 'anger', 'surprise', 'sadness', 'disgust', 'o_score', 'c_score', 'e_score', 'a_score', 'n_score'];GaussianNB()
GaussianNB;0.9996;0.9996;0.9996;0.9994;0.9996;0.9996;0.9996;0.9996;0.7392;0.832;0.7392;0.7157;0.9997;not-balanced;80;10;kbest;['fear', 'anger', 'surprise', 'sadness', 'disgust', 'o_score', 'c_score', 'e_score', 'a_score', 'n_score'];GaussianNB()
GaussianNB;0.9996;0.9996;0.9996;0.9994;1.0;1.0;1.0;1.0;0.7392;0.832;0.7392;0.7157;0.9998;not-balanced;80;10;kbest;['fear', 'anger', 'surprise', 'sadness', 'disgust', 'o_score', 'c_score', 'e_score', 'a_score', 'n_score'];GaussianNB()
GaussianNB;0.9996;0.9996;0.9996;0.9994;1.0;1.0;1.0;1.0;0.7392;0.832;0.7392;0.7157;0.9998;not-balanced;80;10;kbest;['fear', 'anger', 'surprise', 'sadness', 'disgust', 'o_score', 'c_score', 'e_score', 'a_score', 'n_score'];GaussianNB()
GaussianNB;0.9996;0.9996;0.9996;0.9994;1.0;1.0;1.0;1.0;0.7392;0.832;0.7392;0.7157;0.9998;not-balanced;80;10;kbest;['fear', 'anger', 'surprise', 'sadness', 'disgust', 'o_score', 'c_score', 'e_score', 'a_score', 'n_score'];GaussianNB()
GaussianNB;0.9996;0.9996;0.9996;0.9995;0.9993;0.9993;0.9993;0.9993;0.7392;0.832;0.7392;0.7157;0.9998;not-balanced;80;10;kbest;['fear', 'anger', 'surprise', 'sadness', 'disgust', 'o_score', 'c_score', 'e_score', 'a_score', 'n_score'];GaussianNB()
GaussianNB;0.9996;0.9996;0.9996;0.9994;0.9996;0.9996;0.9996;0.9996;0.7392;0.832;0.7392;0.7157;0.9998;not-balanced;80;10;kbest;['fear', 'anger', 'surprise', 'sadness', 'disgust', 'o_score', 'c_score', 'e_score', 'a_score', 'n_score'];GaussianNB()
GaussianNB;0.9996;0.9996;0.9996;0.9994;0.9986;0.9986;0.9986;0.9986;0.7392;0.832;0.7392;0.7157;0.9997;not-balanced;80;10;kbest;['fear', 'anger', 'surprise', 'sadness', 'disgust', 'o_score', 'c_score', 'e_score', 'a_score', 'n_score'];GaussianNB()
GaussianNB;0.9996;0.9996;0.9996;0.9994;1.0;1.0;1.0;1.0;0.7392;0.832;0.7392;0.7157;0.9997;not-balanced;80;10;kbest;['fear', 'anger', 'surprise', 'sadness', 'disgust', 'o_score', 'c_score', 'e_score', 'a_score', 'n_score'];GaussianNB()
GaussianNB;0.9998;0.9998;0.9998;0.9998;0.9996;0.9996;0.9996;0.9996;0.731;0.8287;0.731;0.7052;0.9999;not-balanced;70;10;kbest;['fear', 'surprise', 'sadness', 'disgust', 'o_score', 'c_score', 'e_score', 'a_score', 'n_score'];GaussianNB()
GaussianNB;0.9998;0.9998;0.9998;0.9997;0.9996;0.9996;0.9996;0.9996;0.731;0.8287;0.731;0.7052;1.0;not-balanced;70;10;kbest;['fear', 'surprise', 'sadness', 'disgust', 'o_score', 'c_score', 'e_score', 'a_score', 'n_score'];GaussianNB()
GaussianNB;0.9998;0.9998;0.9998;0.9997;1.0;1.0;1.0;1.0;0.731;0.8287;0.731;0.7052;0.9999;not-balanced;70;10;kbest;['fear', 'surprise', 'sadness', 'disgust', 'o_score', 'c_score', 'e_score', 'a_score', 'n_score'];GaussianNB()
GaussianNB;0.9998;0.9998;0.9998;0.9998;0.9996;0.9996;0.9996;0.9996;0.731;0.8287;0.731;0.7052;0.9999;not-balanced;70;10;kbest;['fear', 'surprise', 'sadness', 'disgust', 'o_score', 'c_score', 'e_score', 'a_score', 'n_score'];GaussianNB()
GaussianNB;0.9998;0.9998;0.9998;0.9997;0.9993;0.9993;0.9993;0.9993;0.731;0.8287;0.731;0.7052;0.9999;not-balanced;70;10;kbest;['fear', 'surprise', 'sadness', 'disgust', 'o_score', 'c_score', 'e_score', 'a_score', 'n_score'];GaussianNB()
GaussianNB;0.9998;0.9998;0.9998;0.9996;1.0;1.0;1.0;1.0;0.731;0.8287;0.731;0.7052;0.9999;not-balanced;70;10;kbest;['fear', 'surprise', 'sadness', 'disgust', 'o_score', 'c_score', 'e_score', 'a_score', 'n_score'];GaussianNB()
GaussianNB;0.9998;0.9998;0.9998;0.9997;1.0;1.0;1.0;1.0;0.731;0.8287;0.731;0.7052;0.9999;not-balanced;70;10;kbest;['fear', 'surprise', 'sadness', 'disgust', 'o_score', 'c_score', 'e_score', 'a_score', 'n_score'];GaussianNB()
