Algorithm;Train Accuracy;Train Precision;Train Recall;Train F1 Score;Test Accuracy;Test Precision;Test Recall;Test F1 Score;Val. Accuracy;Val. Precision;Val. Recall;Val. F1 Score;AUC;Bal. Strategy;% of Features;Folds;Feat. Selec. Strategy;Features;Features Importance;Model
DecisionTreeClassifier;1.0;1.0;1.0;1.0;1.0;1.0;1.0;1.0;1.0;1.0;1.0;1.0;1.0;not-balanced;60;10;kbest;['trust', 'sadness', 'e_score', 'a_score'];{'trust': 0.0, 'sadness': 0.0, 'e_score': 0.2171, 'a_score': 0.2361};DecisionTreeClassifier()
DecisionTreeClassifier;1.0;1.0;1.0;1.0;1.0;1.0;1.0;1.0;1.0;1.0;1.0;1.0;1.0;not-balanced;100;10;kbest;['fear', 'anger', 'anticipation', 'trust', 'surprise', 'sadness', 'disgust', 'joy', 'e_score', 'a_score'];{'fear': 0.0, 'anger': 0.0, 'anticipation': 0.0, 'trust': 0.0, 'surprise': 0.0, 'sadness': 0.0, 'disgust': 0.0, 'joy': 0.0, 'e_score': 0.2148, 'a_score': 0.2359};DecisionTreeClassifier()
DecisionTreeClassifier;1.0;1.0;1.0;1.0;1.0;1.0;1.0;1.0;1.0;1.0;1.0;1.0;1.0;not-balanced;50;10;kbest;['trust', 'e_score', 'a_score'];{'trust': 0.0, 'e_score': 0.2171, 'a_score': 0.2373};DecisionTreeClassifier()
DecisionTreeClassifier;1.0;1.0;1.0;1.0;1.0;1.0;1.0;1.0;1.0;1.0;1.0;1.0;1.0;not-balanced;50;10;kbest;['trust', 'e_score', 'a_score'];{'trust': 0.0, 'e_score': 0.2147, 'a_score': 0.2366};DecisionTreeClassifier()
DecisionTreeClassifier;1.0;1.0;1.0;1.0;1.0;1.0;1.0;1.0;1.0;1.0;1.0;1.0;1.0;not-balanced;60;10;kbest;['trust', 'sadness', 'e_score', 'a_score'];{'trust': 0.0, 'sadness': 0.0, 'e_score': 0.2167, 'a_score': 0.237};DecisionTreeClassifier()
DecisionTreeClassifier;1.0;1.0;1.0;1.0;1.0;1.0;1.0;1.0;1.0;1.0;1.0;1.0;1.0;not-balanced;80;10;kbest;['fear', 'anticipation', 'trust', 'sadness', 'disgust', 'e_score', 'a_score'];{'fear': 0.0, 'anticipation': 0.0, 'trust': 0.0, 'sadness': 0.0, 'disgust': 0.0, 'e_score': 0.2169, 'a_score': 0.2366};DecisionTreeClassifier()
DecisionTreeClassifier;1.0;1.0;1.0;1.0;1.0;1.0;1.0;1.0;1.0;1.0;1.0;1.0;1.0;not-balanced;60;10;kbest;['trust', 'sadness', 'e_score', 'a_score'];{'trust': 0.0, 'sadness': 0.0, 'e_score': 0.2166, 'a_score': 0.236};DecisionTreeClassifier()
DecisionTreeClassifier;1.0;1.0;1.0;1.0;1.0;1.0;1.0;1.0;1.0;1.0;1.0;1.0;1.0;not-balanced;50;10;kbest;['trust', 'e_score', 'a_score'];{'trust': 0.0, 'e_score': 0.216, 'a_score': 0.2367};DecisionTreeClassifier()
DecisionTreeClassifier;1.0;1.0;1.0;1.0;1.0;1.0;1.0;1.0;1.0;1.0;1.0;1.0;1.0;not-balanced;70;10;kbest;['fear', 'trust', 'sadness', 'disgust', 'e_score', 'a_score'];{'fear': 0.0, 'trust': 0.0, 'sadness': 0.0, 'disgust': 0.0, 'e_score': 0.2153, 'a_score': 0.2364};DecisionTreeClassifier()
DecisionTreeClassifier;1.0;1.0;1.0;1.0;1.0;1.0;1.0;1.0;1.0;1.0;1.0;1.0;1.0;not-balanced;70;10;kbest;['fear', 'trust', 'sadness', 'disgust', 'e_score', 'a_score'];{'fear': 0.0, 'trust': 0.0, 'sadness': 0.0, 'disgust': 0.0, 'e_score': 0.2161, 'a_score': 0.2365};DecisionTreeClassifier()
DecisionTreeClassifier;1.0;1.0;1.0;1.0;1.0;1.0;1.0;1.0;1.0;1.0;1.0;1.0;1.0;not-balanced;100;10;kbest;['fear', 'anger', 'anticipation', 'trust', 'surprise', 'sadness', 'disgust', 'joy', 'e_score', 'a_score'];{'fear': 0.0, 'anger': 0.0, 'anticipation': 0.0, 'trust': 0.0, 'surprise': 0.0, 'sadness': 0.0, 'disgust': 0.0, 'joy': 0.0, 'e_score': 0.215, 'a_score': 0.2367};DecisionTreeClassifier()
DecisionTreeClassifier;1.0;1.0;1.0;1.0;1.0;1.0;1.0;1.0;1.0;1.0;1.0;1.0;1.0;not-balanced;60;10;kbest;['trust', 'disgust', 'e_score', 'a_score'];{'trust': 0.0, 'disgust': 0.0, 'e_score': 0.2154, 'a_score': 0.2363};DecisionTreeClassifier()
DecisionTreeClassifier;1.0;1.0;1.0;1.0;1.0;1.0;1.0;1.0;1.0;1.0;1.0;1.0;1.0;not-balanced;50;10;kbest;['trust', 'e_score', 'a_score'];{'trust': 0.0, 'e_score': 0.2153, 'a_score': 0.2359};DecisionTreeClassifier()
DecisionTreeClassifier;1.0;1.0;1.0;1.0;1.0;1.0;1.0;1.0;1.0;1.0;1.0;1.0;1.0;not-balanced;100;10;kbest;['fear', 'anger', 'anticipation', 'trust', 'surprise', 'sadness', 'disgust', 'joy', 'e_score', 'a_score'];{'fear': 0.0, 'anger': 0.0, 'anticipation': 0.0, 'trust': 0.0, 'surprise': 0.0, 'sadness': 0.0, 'disgust': 0.0, 'joy': 0.0, 'e_score': 0.2165, 'a_score': 0.2376};DecisionTreeClassifier()
DecisionTreeClassifier;1.0;1.0;1.0;1.0;1.0;1.0;1.0;1.0;1.0;1.0;1.0;1.0;1.0;not-balanced;70;10;kbest;['fear', 'trust', 'sadness', 'disgust', 'e_score', 'a_score'];{'fear': 0.0, 'trust': 0.0, 'sadness': 0.0, 'disgust': 0.0, 'e_score': 0.2159, 'a_score': 0.2359};DecisionTreeClassifier()
DecisionTreeClassifier;1.0;1.0;1.0;1.0;1.0;1.0;1.0;1.0;0.9435;0.9434;0.9435;0.9434;1.0;not-balanced;100;10;kbest;['fear', 'anger', 'anticipation', 'trust', 'surprise', 'sadness', 'disgust', 'joy', 'e_score', 'a_score'];{'fear': 0.0, 'anger': 0.0, 'anticipation': 0.0, 'trust': 0.0, 'surprise': 0.0, 'sadness': 0.0, 'disgust': 0.0, 'joy': 0.0, 'e_score': 0.3795, 'a_score': 0.1653};DecisionTreeClassifier()
DecisionTreeClassifier;1.0;1.0;1.0;1.0;1.0;1.0;1.0;1.0;0.9435;0.9434;0.9435;0.9434;1.0;not-balanced;80;10;kbest;['fear', 'anticipation', 'trust', 'sadness', 'disgust', 'e_score', 'a_score'];{'fear': 0.0, 'anticipation': 0.0, 'trust': 0.0, 'sadness': 0.0, 'disgust': 0.0, 'e_score': 0.3797, 'a_score': 0.162};DecisionTreeClassifier()
DecisionTreeClassifier;1.0;1.0;1.0;1.0;1.0;1.0;1.0;1.0;0.9435;0.9434;0.9435;0.9434;1.0;not-balanced;70;10;kbest;['fear', 'trust', 'sadness', 'disgust', 'e_score', 'a_score'];{'fear': 0.0, 'trust': 0.0, 'sadness': 0.0, 'disgust': 0.0, 'e_score': 0.3806, 'a_score': 0.1634};DecisionTreeClassifier()
DecisionTreeClassifier;1.0;1.0;1.0;1.0;1.0;1.0;1.0;1.0;0.9435;0.9434;0.9435;0.9434;1.0;not-balanced;60;10;kbest;['trust', 'sadness', 'e_score', 'a_score'];{'trust': 0.0, 'sadness': 0.0, 'e_score': 0.3813, 'a_score': 0.1633};DecisionTreeClassifier()
DecisionTreeClassifier;1.0;1.0;1.0;1.0;1.0;1.0;1.0;1.0;0.9435;0.9434;0.9435;0.9434;1.0;not-balanced;50;10;kbest;['trust', 'e_score', 'a_score'];{'trust': 0.0, 'e_score': 0.3788, 'a_score': 0.1629};DecisionTreeClassifier()
DecisionTreeClassifier;1.0;1.0;1.0;1.0;1.0;1.0;1.0;1.0;0.8922;0.8942;0.8922;0.89;1.0;not-balanced;60;10;kbest;['trust', 'sadness', 'e_score', 'a_score'];{'trust': 0.0, 'sadness': 0.0, 'e_score': 0.1639, 'a_score': 0.316};DecisionTreeClassifier()
DecisionTreeClassifier;1.0;1.0;1.0;1.0;1.0;1.0;1.0;1.0;0.8922;0.8942;0.8922;0.89;1.0;not-balanced;80;10;kbest;['fear', 'anticipation', 'trust', 'sadness', 'disgust', 'e_score', 'a_score'];{'fear': 0.0, 'anticipation': 0.0, 'trust': 0.0, 'sadness': 0.0, 'disgust': 0.0, 'e_score': 0.1633, 'a_score': 0.3173};DecisionTreeClassifier()
DecisionTreeClassifier;1.0;1.0;1.0;1.0;1.0;1.0;1.0;1.0;0.8922;0.8942;0.8922;0.89;1.0;not-balanced;50;10;kbest;['trust', 'e_score', 'a_score'];{'trust': 0.0, 'e_score': 0.1615, 'a_score': 0.319};DecisionTreeClassifier()
DecisionTreeClassifier;1.0;1.0;1.0;1.0;1.0;1.0;1.0;1.0;0.8922;0.8942;0.8922;0.89;1.0;not-balanced;50;10;kbest;['trust', 'e_score', 'a_score'];{'trust': 0.0, 'e_score': 0.164, 'a_score': 0.3153};DecisionTreeClassifier()
DecisionTreeClassifier;1.0;1.0;1.0;1.0;1.0;1.0;1.0;1.0;0.8922;0.8942;0.8922;0.89;1.0;not-balanced;100;10;kbest;['fear', 'anger', 'anticipation', 'trust', 'surprise', 'sadness', 'disgust', 'joy', 'e_score', 'a_score'];{'fear': 0.0, 'anger': 0.0, 'anticipation': 0.0, 'trust': 0.0, 'surprise': 0.0, 'sadness': 0.0, 'disgust': 0.0, 'joy': 0.0, 'e_score': 0.1631, 'a_score': 0.3134};DecisionTreeClassifier()
DecisionTreeClassifier;1.0;1.0;1.0;1.0;1.0;1.0;1.0;1.0;0.8922;0.8942;0.8922;0.89;1.0;not-balanced;80;10;kbest;['fear', 'anticipation', 'trust', 'sadness', 'disgust', 'e_score', 'a_score'];{'fear': 0.0, 'anticipation': 0.0, 'trust': 0.0, 'sadness': 0.0, 'disgust': 0.0, 'e_score': 0.1626, 'a_score': 0.3165};DecisionTreeClassifier()
DecisionTreeClassifier;1.0;1.0;1.0;1.0;1.0;1.0;1.0;1.0;0.8922;0.8942;0.8922;0.89;1.0;not-balanced;70;10;kbest;['fear', 'trust', 'sadness', 'disgust', 'e_score', 'a_score'];{'fear': 0.0, 'trust': 0.0, 'sadness': 0.0, 'disgust': 0.0, 'e_score': 0.1621, 'a_score': 0.3171};DecisionTreeClassifier()
DecisionTreeClassifier;1.0;1.0;1.0;1.0;1.0;1.0;1.0;1.0;0.8922;0.8942;0.8922;0.89;1.0;not-balanced;80;10;kbest;['fear', 'anticipation', 'trust', 'sadness', 'disgust', 'e_score', 'a_score'];{'fear': 0.0, 'anticipation': 0.0, 'trust': 0.0, 'sadness': 0.0, 'disgust': 0.0, 'e_score': 0.1627, 'a_score': 0.3186};DecisionTreeClassifier()
DecisionTreeClassifier;1.0;1.0;1.0;1.0;1.0;1.0;1.0;1.0;0.8922;0.8942;0.8922;0.89;1.0;not-balanced;100;10;kbest;['fear', 'anger', 'anticipation', 'trust', 'surprise', 'sadness', 'disgust', 'joy', 'e_score', 'a_score'];{'fear': 0.0, 'anger': 0.0, 'anticipation': 0.0, 'trust': 0.0, 'surprise': 0.0, 'sadness': 0.0, 'disgust': 0.0, 'joy': 0.0, 'e_score': 0.1643, 'a_score': 0.3183};DecisionTreeClassifier()
DecisionTreeClassifier;1.0;1.0;1.0;1.0;1.0;1.0;1.0;1.0;0.8922;0.8942;0.8922;0.89;1.0;not-balanced;60;10;kbest;['trust', 'sadness', 'e_score', 'a_score'];{'trust': 0.0, 'sadness': 0.0, 'e_score': 0.1626, 'a_score': 0.3162};DecisionTreeClassifier()
DecisionTreeClassifier;1.0;1.0;1.0;1.0;1.0;1.0;1.0;1.0;0.8922;0.8942;0.8922;0.89;1.0;not-balanced;60;10;kbest;['trust', 'sadness', 'e_score', 'a_score'];{'trust': 0.0, 'sadness': 0.0, 'e_score': 0.1633, 'a_score': 0.3181};DecisionTreeClassifier()
DecisionTreeClassifier;1.0;1.0;1.0;1.0;1.0;1.0;1.0;1.0;0.8922;0.8942;0.8922;0.89;1.0;not-balanced;60;10;kbest;['trust', 'sadness', 'e_score', 'a_score'];{'trust': 0.0, 'sadness': 0.0, 'e_score': 0.1638, 'a_score': 0.318};DecisionTreeClassifier()
DecisionTreeClassifier;1.0;1.0;1.0;1.0;1.0;1.0;1.0;1.0;0.8922;0.8942;0.8922;0.89;1.0;not-balanced;80;10;kbest;['fear', 'anticipation', 'trust', 'sadness', 'disgust', 'e_score', 'a_score'];{'fear': 0.0, 'anticipation': 0.0, 'trust': 0.0, 'sadness': 0.0, 'disgust': 0.0, 'e_score': 0.1626, 'a_score': 0.3184};DecisionTreeClassifier()
DecisionTreeClassifier;1.0;1.0;1.0;1.0;1.0;1.0;1.0;1.0;0.8922;0.8942;0.8922;0.89;1.0;not-balanced;70;10;kbest;['fear', 'trust', 'sadness', 'disgust', 'e_score', 'a_score'];{'fear': 0.0, 'trust': 0.0, 'sadness': 0.0, 'disgust': 0.0, 'e_score': 0.161, 'a_score': 0.3186};DecisionTreeClassifier()
DecisionTreeClassifier;1.0;1.0;1.0;1.0;1.0;1.0;1.0;1.0;0.8922;0.8942;0.8922;0.89;1.0;not-balanced;60;10;kbest;['trust', 'sadness', 'e_score', 'a_score'];{'trust': 0.0, 'sadness': 0.0, 'e_score': 0.1631, 'a_score': 0.317};DecisionTreeClassifier()
DecisionTreeClassifier;1.0;1.0;1.0;1.0;1.0;1.0;1.0;1.0;0.8922;0.8942;0.8922;0.89;1.0;not-balanced;50;10;kbest;['trust', 'e_score', 'a_score'];{'trust': 0.0, 'e_score': 0.1621, 'a_score': 0.3172};DecisionTreeClassifier()
DecisionTreeClassifier;1.0;1.0;1.0;1.0;1.0;1.0;1.0;1.0;0.8922;0.8942;0.8922;0.89;1.0;not-balanced;100;10;kbest;['fear', 'anger', 'anticipation', 'trust', 'surprise', 'sadness', 'disgust', 'joy', 'e_score', 'a_score'];{'fear': 0.0, 'anger': 0.0, 'anticipation': 0.0, 'trust': 0.0, 'surprise': 0.0, 'sadness': 0.0, 'disgust': 0.0, 'joy': 0.0, 'e_score': 0.1634, 'a_score': 0.3183};DecisionTreeClassifier()
DecisionTreeClassifier;1.0;1.0;1.0;1.0;1.0;1.0;1.0;1.0;0.8922;0.8942;0.8922;0.89;1.0;not-balanced;80;10;kbest;['fear', 'anticipation', 'trust', 'sadness', 'disgust', 'e_score', 'a_score'];{'fear': 0.0, 'anticipation': 0.0, 'trust': 0.0, 'sadness': 0.0, 'disgust': 0.0, 'e_score': 0.1634, 'a_score': 0.3181};DecisionTreeClassifier()
DecisionTreeClassifier;1.0;1.0;1.0;1.0;1.0;1.0;1.0;1.0;0.8922;0.8942;0.8922;0.89;1.0;not-balanced;70;10;kbest;['fear', 'trust', 'sadness', 'disgust', 'e_score', 'a_score'];{'fear': 0.0, 'trust': 0.0, 'sadness': 0.0, 'disgust': 0.0, 'e_score': 0.1636, 'a_score': 0.3193};DecisionTreeClassifier()
DecisionTreeClassifier;1.0;1.0;1.0;1.0;1.0;1.0;1.0;1.0;0.8922;0.8942;0.8922;0.89;1.0;not-balanced;50;10;kbest;['trust', 'e_score', 'a_score'];{'trust': 0.0, 'e_score': 0.1646, 'a_score': 0.3177};DecisionTreeClassifier()
DecisionTreeClassifier;1.0;1.0;1.0;1.0;1.0;1.0;1.0;1.0;0.8922;0.8942;0.8922;0.89;1.0;not-balanced;70;10;kbest;['fear', 'trust', 'sadness', 'disgust', 'e_score', 'a_score'];{'fear': 0.0, 'trust': 0.0, 'sadness': 0.0, 'disgust': 0.0, 'e_score': 0.163, 'a_score': 0.3173};DecisionTreeClassifier()
DecisionTreeClassifier;1.0;1.0;1.0;1.0;1.0;1.0;1.0;1.0;0.8922;0.8942;0.8922;0.89;1.0;not-balanced;100;10;kbest;['fear', 'anger', 'anticipation', 'trust', 'surprise', 'sadness', 'disgust', 'joy', 'e_score', 'a_score'];{'fear': 0.0, 'anger': 0.0, 'anticipation': 0.0, 'trust': 0.0, 'surprise': 0.0, 'sadness': 0.0, 'disgust': 0.0, 'joy': 0.0, 'e_score': 0.1635, 'a_score': 0.3172};DecisionTreeClassifier()
DecisionTreeClassifier;1.0;1.0;1.0;1.0;1.0;1.0;1.0;1.0;0.8922;0.8942;0.8922;0.89;1.0;not-balanced;80;10;kbest;['fear', 'anticipation', 'trust', 'sadness', 'disgust', 'e_score', 'a_score'];{'fear': 0.0, 'anticipation': 0.0, 'trust': 0.0, 'sadness': 0.0, 'disgust': 0.0, 'e_score': 0.1646, 'a_score': 0.3173};DecisionTreeClassifier()
DecisionTreeClassifier;1.0;1.0;1.0;1.0;1.0;1.0;1.0;1.0;0.8922;0.8942;0.8922;0.89;1.0;not-balanced;70;10;kbest;['fear', 'trust', 'sadness', 'disgust', 'e_score', 'a_score'];{'fear': 0.0, 'trust': 0.0, 'sadness': 0.0, 'disgust': 0.0, 'e_score': 0.1635, 'a_score': 0.3178};DecisionTreeClassifier()
DecisionTreeClassifier;1.0;1.0;1.0;1.0;1.0;1.0;1.0;1.0;0.8922;0.8942;0.8922;0.89;1.0;not-balanced;100;10;kbest;['fear', 'anger', 'anticipation', 'trust', 'surprise', 'sadness', 'disgust', 'joy', 'e_score', 'a_score'];{'fear': 0.0, 'anger': 0.0, 'anticipation': 0.0, 'trust': 0.0, 'surprise': 0.0, 'sadness': 0.0, 'disgust': 0.0, 'joy': 0.0, 'e_score': 0.164, 'a_score': 0.3167};DecisionTreeClassifier()
DecisionTreeClassifier;1.0;1.0;1.0;1.0;1.0;1.0;1.0;1.0;0.8922;0.8942;0.8922;0.89;1.0;not-balanced;80;10;kbest;['fear', 'anticipation', 'trust', 'sadness', 'disgust', 'e_score', 'a_score'];{'fear': 0.0, 'anticipation': 0.0, 'trust': 0.0, 'sadness': 0.0, 'disgust': 0.0, 'e_score': 0.1635, 'a_score': 0.3179};DecisionTreeClassifier()
DecisionTreeClassifier;1.0;1.0;1.0;1.0;1.0;1.0;1.0;1.0;0.8922;0.8942;0.8922;0.89;1.0;not-balanced;50;10;kbest;['trust', 'e_score', 'a_score'];{'trust': 0.0, 'e_score': 0.1634, 'a_score': 0.3162};DecisionTreeClassifier()
DecisionTreeClassifier;1.0;1.0;1.0;1.0;1.0;1.0;1.0;1.0;0.8922;0.8942;0.8922;0.89;1.0;not-balanced;80;10;kbest;['fear', 'anticipation', 'trust', 'sadness', 'disgust', 'e_score', 'a_score'];{'fear': 0.0, 'anticipation': 0.0, 'trust': 0.0, 'sadness': 0.0, 'disgust': 0.0, 'e_score': 0.1634, 'a_score': 0.3156};DecisionTreeClassifier()
DecisionTreeClassifier;1.0;1.0;1.0;1.0;1.0;1.0;1.0;1.0;0.8922;0.8942;0.8922;0.89;1.0;not-balanced;70;10;kbest;['fear', 'trust', 'sadness', 'disgust', 'e_score', 'a_score'];{'fear': 0.0, 'trust': 0.0, 'sadness': 0.0, 'disgust': 0.0, 'e_score': 0.1618, 'a_score': 0.3193};DecisionTreeClassifier()
DecisionTreeClassifier;1.0;1.0;1.0;1.0;1.0;1.0;1.0;1.0;0.8922;0.8942;0.8922;0.89;1.0;not-balanced;100;10;kbest;['fear', 'anger', 'anticipation', 'trust', 'surprise', 'sadness', 'disgust', 'joy', 'e_score', 'a_score'];{'fear': 0.0, 'anger': 0.0, 'anticipation': 0.0, 'trust': 0.0, 'surprise': 0.0, 'sadness': 0.0, 'disgust': 0.0, 'joy': 0.0, 'e_score': 0.1626, 'a_score': 0.3171};DecisionTreeClassifier()
DecisionTreeClassifier;1.0;1.0;1.0;1.0;1.0;1.0;1.0;1.0;0.8052;0.8621;0.8052;0.7956;1.0;not-balanced;50;10;kbest;['surprise', 'e_score', 'a_score'];{'surprise': 0.0, 'e_score': 0.228, 'a_score': 0.4428};DecisionTreeClassifier()
DecisionTreeClassifier;1.0;1.0;1.0;1.0;1.0;1.0;1.0;1.0;0.8052;0.8621;0.8052;0.7956;1.0;not-balanced;50;10;kbest;['surprise', 'e_score', 'a_score'];{'surprise': 0.0, 'e_score': 0.23, 'a_score': 0.4409};DecisionTreeClassifier()
DecisionTreeClassifier;1.0;1.0;1.0;1.0;1.0;1.0;1.0;1.0;0.8052;0.8621;0.8052;0.7956;1.0;not-balanced;100;10;kbest;['fear', 'anger', 'anticipation', 'trust', 'surprise', 'sadness', 'disgust', 'joy', 'e_score', 'a_score'];{'fear': 0.0, 'anger': 0.0, 'anticipation': 0.0, 'trust': 0.0, 'surprise': 0.0, 'sadness': 0.0, 'disgust': 0.0, 'joy': 0.0, 'e_score': 0.2301, 'a_score': 0.4399};DecisionTreeClassifier()
DecisionTreeClassifier;1.0;1.0;1.0;1.0;1.0;1.0;1.0;1.0;0.8052;0.8621;0.8052;0.7956;1.0;not-balanced;100;10;kbest;['fear', 'anger', 'anticipation', 'trust', 'surprise', 'sadness', 'disgust', 'joy', 'e_score', 'a_score'];{'fear': 0.0, 'anger': 0.0, 'anticipation': 0.0, 'trust': 0.0, 'surprise': 0.0, 'sadness': 0.0, 'disgust': 0.0, 'joy': 0.0, 'e_score': 0.2293, 'a_score': 0.4393};DecisionTreeClassifier()
DecisionTreeClassifier;1.0;1.0;1.0;1.0;1.0;1.0;1.0;1.0;0.8052;0.8621;0.8052;0.7956;1.0;not-balanced;60;10;kbest;['surprise', 'joy', 'e_score', 'a_score'];{'surprise': 0.0, 'joy': 0.0, 'e_score': 0.2303, 'a_score': 0.4417};DecisionTreeClassifier()
DecisionTreeClassifier;1.0;1.0;1.0;1.0;1.0;1.0;1.0;1.0;0.8052;0.8621;0.8052;0.7956;1.0;not-balanced;80;10;kbest;['trust', 'surprise', 'sadness', 'disgust', 'joy', 'e_score', 'a_score'];{'trust': 0.0, 'surprise': 0.0, 'sadness': 0.0, 'disgust': 0.0, 'joy': 0.0, 'e_score': 0.2288, 'a_score': 0.4414};DecisionTreeClassifier()
DecisionTreeClassifier;1.0;1.0;1.0;1.0;1.0;1.0;1.0;1.0;0.8052;0.8621;0.8052;0.7956;1.0;not-balanced;70;10;kbest;['trust', 'surprise', 'sadness', 'joy', 'e_score', 'a_score'];{'trust': 0.0, 'surprise': 0.0, 'sadness': 0.0, 'joy': 0.0, 'e_score': 0.2295, 'a_score': 0.4413};DecisionTreeClassifier()
DecisionTreeClassifier;1.0;1.0;1.0;1.0;1.0;1.0;1.0;1.0;0.8052;0.8621;0.8052;0.7956;1.0;not-balanced;60;10;kbest;['surprise', 'joy', 'e_score', 'a_score'];{'surprise': 0.0, 'joy': 0.0, 'e_score': 0.2297, 'a_score': 0.4421};DecisionTreeClassifier()
DecisionTreeClassifier;1.0;1.0;1.0;1.0;1.0;1.0;1.0;1.0;0.8052;0.8621;0.8052;0.7956;1.0;not-balanced;70;10;kbest;['trust', 'surprise', 'sadness', 'joy', 'e_score', 'a_score'];{'trust': 0.0, 'surprise': 0.0, 'sadness': 0.0, 'joy': 0.0, 'e_score': 0.2296, 'a_score': 0.4398};DecisionTreeClassifier()
DecisionTreeClassifier;1.0;1.0;1.0;1.0;1.0;1.0;1.0;1.0;0.8052;0.8621;0.8052;0.7956;1.0;not-balanced;80;10;kbest;['trust', 'surprise', 'sadness', 'disgust', 'joy', 'e_score', 'a_score'];{'trust': 0.0, 'surprise': 0.0, 'sadness': 0.0, 'disgust': 0.0, 'joy': 0.0, 'e_score': 0.2268, 'a_score': 0.4396};DecisionTreeClassifier()
DecisionTreeClassifier;1.0;1.0;1.0;1.0;1.0;1.0;1.0;1.0;0.8052;0.8621;0.8052;0.7956;1.0;not-balanced;100;10;kbest;['fear', 'anger', 'anticipation', 'trust', 'surprise', 'sadness', 'disgust', 'joy', 'e_score', 'a_score'];{'fear': 0.0, 'anger': 0.0, 'anticipation': 0.0, 'trust': 0.0, 'surprise': 0.0, 'sadness': 0.0, 'disgust': 0.0, 'joy': 0.0, 'e_score': 0.229, 'a_score': 0.4399};DecisionTreeClassifier()
DecisionTreeClassifier;1.0;1.0;1.0;1.0;1.0;1.0;1.0;1.0;0.8052;0.8621;0.8052;0.7956;1.0;not-balanced;80;10;kbest;['trust', 'surprise', 'sadness', 'disgust', 'joy', 'e_score', 'a_score'];{'trust': 0.0, 'surprise': 0.0, 'sadness': 0.0, 'disgust': 0.0, 'joy': 0.0, 'e_score': 0.2284, 'a_score': 0.4392};DecisionTreeClassifier()
DecisionTreeClassifier;1.0;1.0;1.0;1.0;1.0;1.0;1.0;1.0;0.8052;0.8621;0.8052;0.7956;1.0;not-balanced;80;10;kbest;['trust', 'surprise', 'sadness', 'disgust', 'joy', 'e_score', 'a_score'];{'trust': 0.0, 'surprise': 0.0, 'sadness': 0.0, 'disgust': 0.0, 'joy': 0.0, 'e_score': 0.2299, 'a_score': 0.4429};DecisionTreeClassifier()
DecisionTreeClassifier;1.0;1.0;1.0;1.0;1.0;1.0;1.0;1.0;0.7421;0.8292;0.7421;0.7183;1.0;not-balanced;60;10;kbest;['surprise', 'joy', 'e_score', 'a_score'];{'surprise': 0.0, 'joy': 0.0, 'e_score': 0.1318, 'a_score': 0.4526};DecisionTreeClassifier()
DecisionTreeClassifier;1.0;1.0;1.0;1.0;1.0;1.0;1.0;1.0;0.7421;0.8292;0.7421;0.7183;1.0;not-balanced;100;10;kbest;['fear', 'anger', 'anticipation', 'trust', 'surprise', 'sadness', 'disgust', 'joy', 'e_score', 'a_score'];{'fear': 0.0, 'anger': 0.0, 'anticipation': 0.0, 'trust': 0.0, 'surprise': 0.0, 'sadness': 0.0, 'disgust': 0.0, 'joy': 0.0, 'e_score': 0.1311, 'a_score': 0.4522};DecisionTreeClassifier()
DecisionTreeClassifier;1.0;1.0;1.0;1.0;1.0;1.0;1.0;1.0;0.7421;0.8292;0.7421;0.7183;1.0;not-balanced;70;10;kbest;['trust', 'surprise', 'sadness', 'joy', 'e_score', 'a_score'];{'trust': 0.0, 'surprise': 0.0, 'sadness': 0.0, 'joy': 0.0, 'e_score': 0.1325, 'a_score': 0.4511};DecisionTreeClassifier()
DecisionTreeClassifier;1.0;1.0;1.0;1.0;1.0;1.0;1.0;1.0;0.7421;0.8292;0.7421;0.7183;1.0;not-balanced;60;10;kbest;['surprise', 'joy', 'e_score', 'a_score'];{'surprise': 0.0, 'joy': 0.0, 'e_score': 0.1324, 'a_score': 0.4521};DecisionTreeClassifier()
DecisionTreeClassifier;1.0;1.0;1.0;1.0;1.0;1.0;1.0;1.0;0.7421;0.8292;0.7421;0.7183;1.0;not-balanced;50;10;kbest;['surprise', 'e_score', 'a_score'];{'surprise': 0.0, 'e_score': 0.1327, 'a_score': 0.4529};DecisionTreeClassifier()
DecisionTreeClassifier;1.0;1.0;1.0;1.0;1.0;1.0;1.0;1.0;0.7421;0.8292;0.7421;0.7183;1.0;not-balanced;50;10;kbest;['surprise', 'e_score', 'a_score'];{'surprise': 0.0, 'e_score': 0.1322, 'a_score': 0.4514};DecisionTreeClassifier()
DecisionTreeClassifier;1.0;1.0;1.0;1.0;1.0;1.0;1.0;1.0;0.7421;0.8292;0.7421;0.7183;1.0;not-balanced;80;10;kbest;['trust', 'surprise', 'sadness', 'disgust', 'joy', 'e_score', 'a_score'];{'trust': 0.0, 'surprise': 0.0, 'sadness': 0.0, 'disgust': 0.0, 'joy': 0.0, 'e_score': 0.1332, 'a_score': 0.4543};DecisionTreeClassifier()
DecisionTreeClassifier;1.0;1.0;1.0;1.0;1.0;1.0;1.0;1.0;0.7421;0.8292;0.7421;0.7183;1.0;not-balanced;70;10;kbest;['trust', 'surprise', 'disgust', 'joy', 'e_score', 'a_score'];{'trust': 0.0, 'surprise': 0.0, 'disgust': 0.0, 'joy': 0.0, 'e_score': 0.1332, 'a_score': 0.4532};DecisionTreeClassifier()
DecisionTreeClassifier;1.0;1.0;1.0;1.0;1.0;1.0;1.0;1.0;0.7421;0.8292;0.7421;0.7183;1.0;not-balanced;100;10;kbest;['fear', 'anger', 'anticipation', 'trust', 'surprise', 'sadness', 'disgust', 'joy', 'e_score', 'a_score'];{'fear': 0.0, 'anger': 0.0, 'anticipation': 0.0, 'trust': 0.0, 'surprise': 0.0, 'sadness': 0.0, 'disgust': 0.0, 'joy': 0.0, 'e_score': 0.1317, 'a_score': 0.4523};DecisionTreeClassifier()
DecisionTreeClassifier;1.0;1.0;1.0;1.0;1.0;1.0;1.0;1.0;0.7421;0.8292;0.7421;0.7183;1.0;not-balanced;80;10;kbest;['trust', 'surprise', 'sadness', 'disgust', 'joy', 'e_score', 'a_score'];{'trust': 0.0, 'surprise': 0.0, 'sadness': 0.0, 'disgust': 0.0, 'joy': 0.0, 'e_score': 0.1312, 'a_score': 0.4529};DecisionTreeClassifier()
DecisionTreeClassifier;1.0;1.0;1.0;1.0;1.0;1.0;1.0;1.0;0.7421;0.8292;0.7421;0.7183;1.0;not-balanced;50;10;kbest;['surprise', 'e_score', 'a_score'];{'surprise': 0.0, 'e_score': 0.1316, 'a_score': 0.4538};DecisionTreeClassifier()
DecisionTreeClassifier;1.0;1.0;1.0;1.0;1.0;1.0;1.0;1.0;0.7421;0.8292;0.7421;0.7183;1.0;not-balanced;70;10;kbest;['trust', 'surprise', 'sadness', 'joy', 'e_score', 'a_score'];{'trust': 0.0, 'surprise': 0.0, 'sadness': 0.0, 'joy': 0.0, 'e_score': 0.1313, 'a_score': 0.4516};DecisionTreeClassifier()
DecisionTreeClassifier;1.0;1.0;1.0;1.0;1.0;1.0;1.0;1.0;0.7421;0.8292;0.7421;0.7183;1.0;not-balanced;70;10;kbest;['trust', 'surprise', 'disgust', 'joy', 'e_score', 'a_score'];{'trust': 0.0, 'surprise': 0.0, 'disgust': 0.0, 'joy': 0.0, 'e_score': 0.1313, 'a_score': 0.4518};DecisionTreeClassifier()
DecisionTreeClassifier;1.0;1.0;1.0;1.0;1.0;1.0;1.0;1.0;0.7249;0.8262;0.7249;0.6971;1.0;not-balanced;80;10;kbest;['trust', 'surprise', 'sadness', 'disgust', 'joy', 'e_score', 'a_score'];{'trust': 0.0, 'surprise': 0.0, 'sadness': 0.0, 'disgust': 0.0, 'joy': 0.0, 'e_score': 0.1896, 'a_score': 0.3942};DecisionTreeClassifier()
DecisionTreeClassifier;1.0;1.0;1.0;1.0;1.0;1.0;1.0;1.0;0.7249;0.8262;0.7249;0.6971;1.0;not-balanced;70;10;kbest;['trust', 'surprise', 'disgust', 'joy', 'e_score', 'a_score'];{'trust': 0.0, 'surprise': 0.0, 'disgust': 0.0, 'joy': 0.0, 'e_score': 0.1902, 'a_score': 0.3925};DecisionTreeClassifier()
DecisionTreeClassifier;1.0;1.0;1.0;1.0;1.0;1.0;1.0;1.0;0.7249;0.8262;0.7249;0.6971;1.0;not-balanced;100;10;kbest;['fear', 'anger', 'anticipation', 'trust', 'surprise', 'sadness', 'disgust', 'joy', 'e_score', 'a_score'];{'fear': 0.0, 'anger': 0.0, 'anticipation': 0.0, 'trust': 0.0, 'surprise': 0.0, 'sadness': 0.0, 'disgust': 0.0, 'joy': 0.0, 'e_score': 0.1921, 'a_score': 0.394};DecisionTreeClassifier()
DecisionTreeClassifier;1.0;1.0;1.0;1.0;1.0;1.0;1.0;1.0;0.7249;0.8262;0.7249;0.6971;1.0;not-balanced;60;10;kbest;['surprise', 'joy', 'e_score', 'a_score'];{'surprise': 0.0, 'joy': 0.0, 'e_score': 0.1917, 'a_score': 0.3923};DecisionTreeClassifier()
DecisionTreeClassifier;1.0;1.0;1.0;1.0;1.0;1.0;1.0;1.0;0.7249;0.8262;0.7249;0.6971;1.0;not-balanced;50;10;kbest;['surprise', 'e_score', 'a_score'];{'surprise': 0.0, 'e_score': 0.1902, 'a_score': 0.3922};DecisionTreeClassifier()
DecisionTreeClassifier;1.0;1.0;1.0;1.0;1.0;1.0;1.0;1.0;0.7249;0.8262;0.7249;0.6971;1.0;not-balanced;60;10;kbest;['surprise', 'joy', 'e_score', 'a_score'];{'surprise': 0.0, 'joy': 0.0, 'e_score': 0.1914, 'a_score': 0.3943};DecisionTreeClassifier()
DecisionTreeClassifier;1.0;1.0;1.0;1.0;1.0;1.0;1.0;1.0;0.7249;0.8262;0.7249;0.6971;1.0;not-balanced;50;10;kbest;['surprise', 'e_score', 'a_score'];{'surprise': 0.0, 'e_score': 0.1902, 'a_score': 0.3929};DecisionTreeClassifier()
DecisionTreeClassifier;1.0;1.0;1.0;1.0;1.0;1.0;1.0;1.0;0.7249;0.8262;0.7249;0.6971;1.0;not-balanced;70;10;kbest;['trust', 'surprise', 'sadness', 'joy', 'e_score', 'a_score'];{'trust': 0.0, 'surprise': 0.0, 'sadness': 0.0, 'joy': 0.0, 'e_score': 0.1908, 'a_score': 0.3909};DecisionTreeClassifier()
DecisionTreeClassifier;1.0;1.0;1.0;1.0;1.0;1.0;1.0;1.0;0.7249;0.8262;0.7249;0.6971;1.0;not-balanced;100;10;kbest;['fear', 'anger', 'anticipation', 'trust', 'surprise', 'sadness', 'disgust', 'joy', 'e_score', 'a_score'];{'fear': 0.0, 'anger': 0.0, 'anticipation': 0.0, 'trust': 0.0, 'surprise': 0.0, 'sadness': 0.0, 'disgust': 0.0, 'joy': 0.0, 'e_score': 0.1909, 'a_score': 0.3903};DecisionTreeClassifier()
DecisionTreeClassifier;1.0;1.0;1.0;1.0;1.0;1.0;1.0;1.0;0.7249;0.8262;0.7249;0.6971;1.0;not-balanced;80;10;kbest;['trust', 'surprise', 'sadness', 'disgust', 'joy', 'e_score', 'a_score'];{'trust': 0.0, 'surprise': 0.0, 'sadness': 0.0, 'disgust': 0.0, 'joy': 0.0, 'e_score': 0.1906, 'a_score': 0.3927};DecisionTreeClassifier()
DecisionTreeClassifier;1.0;1.0;1.0;1.0;1.0;1.0;1.0;1.0;0.7249;0.8262;0.7249;0.6971;1.0;not-balanced;100;10;kbest;['fear', 'anger', 'anticipation', 'trust', 'surprise', 'sadness', 'disgust', 'joy', 'e_score', 'a_score'];{'fear': 0.0, 'anger': 0.0, 'anticipation': 0.0, 'trust': 0.0, 'surprise': 0.0, 'sadness': 0.0, 'disgust': 0.0, 'joy': 0.0, 'e_score': 0.1914, 'a_score': 0.3911};DecisionTreeClassifier()
DecisionTreeClassifier;1.0;1.0;1.0;1.0;1.0;1.0;1.0;1.0;0.7249;0.8262;0.7249;0.6971;1.0;not-balanced;100;10;kbest;['fear', 'anger', 'anticipation', 'trust', 'surprise', 'sadness', 'disgust', 'joy', 'e_score', 'a_score'];{'fear': 0.0, 'anger': 0.0, 'anticipation': 0.0, 'trust': 0.0, 'surprise': 0.0, 'sadness': 0.0, 'disgust': 0.0, 'joy': 0.0, 'e_score': 0.1915, 'a_score': 0.3925};DecisionTreeClassifier()
DecisionTreeClassifier;1.0;1.0;1.0;1.0;1.0;1.0;1.0;1.0;0.7249;0.8262;0.7249;0.6971;1.0;not-balanced;50;10;kbest;['surprise', 'e_score', 'a_score'];{'surprise': 0.0, 'e_score': 0.1909, 'a_score': 0.3924};DecisionTreeClassifier()
DecisionTreeClassifier;1.0;1.0;1.0;1.0;1.0;1.0;1.0;1.0;0.7249;0.8262;0.7249;0.6971;1.0;not-balanced;70;10;kbest;['trust', 'surprise', 'disgust', 'joy', 'e_score', 'a_score'];{'trust': 0.0, 'surprise': 0.0, 'disgust': 0.0, 'joy': 0.0, 'e_score': 0.1913, 'a_score': 0.3921};DecisionTreeClassifier()
DecisionTreeClassifier;1.0;1.0;1.0;1.0;1.0;1.0;1.0;1.0;0.7249;0.8262;0.7249;0.6971;1.0;not-balanced;50;10;kbest;['surprise', 'e_score', 'a_score'];{'surprise': 0.0, 'e_score': 0.1907, 'a_score': 0.3915};DecisionTreeClassifier()
DecisionTreeClassifier;1.0;1.0;1.0;1.0;1.0;1.0;1.0;1.0;0.7249;0.8262;0.7249;0.6971;1.0;not-balanced;60;10;kbest;['surprise', 'joy', 'e_score', 'a_score'];{'surprise': 0.0, 'joy': 0.0, 'e_score': 0.1893, 'a_score': 0.3911};DecisionTreeClassifier()
DecisionTreeClassifier;1.0;1.0;1.0;1.0;1.0;1.0;1.0;1.0;0.6618;0.7933;0.6618;0.6042;1.0;not-balanced;60;10;kbest;['surprise', 'joy', 'e_score', 'a_score'];{'surprise': 0.0, 'joy': 0.0, 'e_score': 0.0949, 'a_score': 0.4037};DecisionTreeClassifier()
DecisionTreeClassifier;1.0;1.0;1.0;1.0;1.0;1.0;1.0;1.0;0.6618;0.7933;0.6618;0.6042;1.0;not-balanced;100;10;kbest;['fear', 'anger', 'anticipation', 'trust', 'surprise', 'sadness', 'disgust', 'joy', 'e_score', 'a_score'];{'fear': 0.0, 'anger': 0.0, 'anticipation': 0.0, 'trust': 0.0, 'surprise': 0.0, 'sadness': 0.0, 'disgust': 0.0, 'joy': 0.0, 'e_score': 0.0931, 'a_score': 0.4069};DecisionTreeClassifier()
DecisionTreeClassifier;1.0;1.0;1.0;1.0;1.0;1.0;1.0;1.0;0.6618;0.7933;0.6618;0.6042;1.0;not-balanced;80;10;kbest;['trust', 'surprise', 'sadness', 'disgust', 'joy', 'e_score', 'a_score'];{'trust': 0.0, 'surprise': 0.0, 'sadness': 0.0, 'disgust': 0.0, 'joy': 0.0, 'e_score': 0.0946, 'a_score': 0.403};DecisionTreeClassifier()
DecisionTreeClassifier;1.0;1.0;1.0;1.0;1.0;1.0;1.0;1.0;0.6618;0.7933;0.6618;0.6042;1.0;not-balanced;60;10;kbest;['surprise', 'joy', 'e_score', 'a_score'];{'surprise': 0.0, 'joy': 0.0, 'e_score': 0.0943, 'a_score': 0.4029};DecisionTreeClassifier()
DecisionTreeClassifier;1.0;1.0;1.0;1.0;1.0;1.0;1.0;1.0;0.6618;0.7933;0.6618;0.6042;1.0;not-balanced;60;10;kbest;['surprise', 'joy', 'e_score', 'a_score'];{'surprise': 0.0, 'joy': 0.0, 'e_score': 0.093, 'a_score': 0.4038};DecisionTreeClassifier()
DecisionTreeClassifier;1.0;1.0;1.0;1.0;1.0;1.0;1.0;1.0;0.6618;0.7933;0.6618;0.6042;1.0;not-balanced;70;10;kbest;['trust', 'surprise', 'disgust', 'joy', 'e_score', 'a_score'];{'trust': 0.0, 'surprise': 0.0, 'disgust': 0.0, 'joy': 0.0, 'e_score': 0.0931, 'a_score': 0.4083};DecisionTreeClassifier()
DecisionTreeClassifier;1.0;1.0;1.0;1.0;1.0;1.0;1.0;1.0;0.6618;0.7933;0.6618;0.6042;1.0;not-balanced;50;10;kbest;['joy', 'e_score', 'a_score'];{'joy': 0.0, 'e_score': 0.0943, 'a_score': 0.4023};DecisionTreeClassifier()
DecisionTreeClassifier;1.0;1.0;1.0;1.0;1.0;1.0;1.0;1.0;0.6618;0.7933;0.6618;0.6042;1.0;not-balanced;80;10;kbest;['trust', 'surprise', 'sadness', 'disgust', 'joy', 'e_score', 'a_score'];{'trust': 0.0, 'surprise': 0.0, 'sadness': 0.0, 'disgust': 0.0, 'joy': 0.0, 'e_score': 0.0935, 'a_score': 0.4056};DecisionTreeClassifier()
