Algorithm,Train Accuracy,Train Precision,Train Recall,Train F1 Score,Train MSE,Test Accuracy,Test Precision,Test Recall,Test F1 Score,Val. Accuracy,Val. Precision,Val. Recall,Val. F1 Score,AUC,Val. MSE,Bal. Strategy,% of Features,% of Dataset,Folds,Fold,Execution,Random State,Feat. Selec. Strategy,Features,Features Importance,Model
KNeighborsClassifier,0.8975,0.9133,0.8975,0.8884,0.0857,0.9143,0.9244,0.9143,0.9113,0.9141,0.9243,0.9141,0.9111,0.9737,0.0859,not-balanced,50,60,10,5,1,819,kbest,"['disgust', 'a_score']","{'disgust': 0.0003, 'a_score': 0.3555}",KNeighborsClassifier()
KNeighborsClassifier,0.8952,0.9134,0.8952,0.887,0.0886,0.9114,0.9223,0.9114,0.9083,0.914,0.9242,0.914,0.9109,0.9752,0.086,not-balanced,50,60,10,3,2,572,kbest,"['disgust', 'a_score']","{'disgust': 0.0005, 'a_score': 0.3568}",KNeighborsClassifier()
KNeighborsClassifier,0.9081,0.9174,0.9081,0.897,0.0853,0.9147,0.9248,0.9147,0.9118,0.914,0.9242,0.914,0.911,0.9671,0.086,not-balanced,50,60,10,1,3,508,kbest,"['disgust', 'a_score']","{'disgust': 0.0003, 'a_score': 0.3559}",KNeighborsClassifier()
KNeighborsClassifier,0.9059,0.9191,0.9059,0.8954,0.0869,0.9131,0.9235,0.9131,0.9101,0.914,0.9242,0.914,0.9109,0.9576,0.086,not-balanced,50,60,10,2,4,649,kbest,"['disgust', 'a_score']","{'disgust': 0.001, 'a_score': 0.3525}",KNeighborsClassifier()
KNeighborsClassifier,0.9085,0.9191,0.9085,0.8975,0.0851,0.9149,0.9248,0.9149,0.912,0.914,0.9242,0.914,0.9109,0.9669,0.086,not-balanced,50,60,10,8,5,824,kbest,"['disgust', 'a_score']","{'disgust': 0.0007, 'a_score': 0.3552}",KNeighborsClassifier()
KNeighborsClassifier,0.8938,0.9112,0.8938,0.8858,0.0867,0.9133,0.9236,0.9133,0.9103,0.914,0.9242,0.914,0.9109,0.9659,0.086,not-balanced,50,60,10,6,1,699,kbest,"['disgust', 'a_score']","{'disgust': 0.0008, 'a_score': 0.3557}",KNeighborsClassifier()
KNeighborsClassifier,0.9024,0.9166,0.9024,0.8931,0.0851,0.9149,0.925,0.9149,0.912,0.9138,0.9241,0.9138,0.9108,0.9742,0.0862,not-balanced,50,60,10,7,2,330,kbest,"['disgust', 'a_score']","{'disgust': 0.0007, 'a_score': 0.3522}",KNeighborsClassifier()
KNeighborsClassifier,0.9025,0.9166,0.9025,0.892,0.0844,0.9156,0.9256,0.9156,0.9128,0.9138,0.9241,0.9138,0.9108,0.9582,0.0862,not-balanced,50,60,10,5,5,929,kbest,"['disgust', 'a_score']","{'disgust': 0.0005, 'a_score': 0.3532}",KNeighborsClassifier()
KNeighborsClassifier,0.8934,0.911,0.8934,0.885,0.0851,0.9149,0.9248,0.9149,0.912,0.9138,0.924,0.9138,0.9108,0.966,0.0862,not-balanced,50,60,10,10,5,103,kbest,"['disgust', 'a_score']","{'disgust': 0.0009, 'a_score': 0.3545}",KNeighborsClassifier()
KNeighborsClassifier,0.9032,0.9169,0.9032,0.8928,0.0871,0.9129,0.9234,0.9129,0.9099,0.9138,0.924,0.9138,0.9108,0.9575,0.0862,not-balanced,50,60,10,2,3,438,kbest,"['disgust', 'a_score']","{'disgust': 0.0006, 'a_score': 0.3551}",KNeighborsClassifier()
KNeighborsClassifier,0.8969,0.9132,0.8969,0.887,0.0868,0.9132,0.9237,0.9132,0.9103,0.9138,0.9241,0.9138,0.9108,0.9508,0.0862,not-balanced,50,60,10,5,4,75,kbest,"['disgust', 'a_score']","{'disgust': 0.0006, 'a_score': 0.3513}",KNeighborsClassifier()
KNeighborsClassifier,0.8995,0.9161,0.8995,0.8905,0.0866,0.9134,0.9238,0.9134,0.9104,0.9138,0.924,0.9138,0.9108,0.9742,0.0862,not-balanced,50,60,10,1,4,984,kbest,"['disgust', 'a_score']","{'disgust': 0.0003, 'a_score': 0.3552}",KNeighborsClassifier()
KNeighborsClassifier,0.896,0.9134,0.896,0.8859,0.0838,0.9162,0.926,0.9162,0.9134,0.9138,0.9241,0.9138,0.9108,0.9634,0.0862,not-balanced,50,60,10,7,3,147,kbest,"['disgust', 'a_score']","{'disgust': 0.0007, 'a_score': 0.354}",KNeighborsClassifier()
KNeighborsClassifier,0.903,0.9165,0.903,0.893,0.0872,0.9128,0.9233,0.9128,0.9096,0.9138,0.9241,0.9138,0.9108,0.975,0.0862,not-balanced,50,60,10,8,3,444,kbest,"['disgust', 'a_score']","{'disgust': 0.0006, 'a_score': 0.3572}",KNeighborsClassifier()
KNeighborsClassifier,0.9,0.9147,0.9,0.8909,0.0865,0.9135,0.9233,0.9135,0.9104,0.9137,0.9236,0.9137,0.9108,0.9745,0.0863,not-balanced,50,60,10,6,4,11,kbest,"['disgust', 'a_score']","{'disgust': 0.0008, 'a_score': 0.3577}",KNeighborsClassifier()
KNeighborsClassifier,0.9032,0.9162,0.9032,0.8932,0.0853,0.9147,0.9244,0.9147,0.9117,0.9137,0.9236,0.9137,0.9108,0.9668,0.0863,not-balanced,50,60,10,10,4,999,kbest,"['disgust', 'a_score']","{'disgust': 0.0006, 'a_score': 0.3597}",KNeighborsClassifier()
KNeighborsClassifier,0.9056,0.9195,0.9056,0.8951,0.0847,0.9153,0.9253,0.9153,0.9124,0.9137,0.9239,0.9137,0.9106,0.9564,0.0863,not-balanced,50,60,10,9,3,815,kbest,"['disgust', 'a_score']","{'disgust': 0.0008, 'a_score': 0.3545}",KNeighborsClassifier()
KNeighborsClassifier,0.884,0.9075,0.884,0.8777,0.0862,0.9138,0.9233,0.9138,0.9109,0.9137,0.9236,0.9137,0.9108,0.9742,0.0863,not-balanced,50,60,10,5,3,168,kbest,"['disgust', 'a_score']","{'disgust': 0.0007, 'a_score': 0.3579}",KNeighborsClassifier()
KNeighborsClassifier,0.9097,0.9198,0.9097,0.8988,0.0867,0.9133,0.9234,0.9133,0.9103,0.9136,0.9234,0.9136,0.9106,0.9494,0.0864,not-balanced,50,60,10,6,2,913,kbest,"['disgust', 'a_score']","{'disgust': 0.0008, 'a_score': 0.3565}",KNeighborsClassifier()
KNeighborsClassifier,0.8994,0.9142,0.8994,0.8906,0.0859,0.9141,0.9237,0.9141,0.9113,0.9136,0.9235,0.9136,0.9106,0.9583,0.0864,not-balanced,50,60,10,4,3,300,kbest,"['disgust', 'a_score']","{'disgust': 0.0013, 'a_score': 0.3558}",KNeighborsClassifier()
KNeighborsClassifier,0.9124,0.9208,0.9124,0.9006,0.0845,0.9155,0.9247,0.9155,0.9126,0.9136,0.9235,0.9136,0.9106,0.9634,0.0864,not-balanced,50,60,10,10,3,638,kbest,"['disgust', 'a_score']","{'disgust': 0.0016, 'a_score': 0.358}",KNeighborsClassifier()
KNeighborsClassifier,0.8967,0.9132,0.8967,0.8871,0.0847,0.9153,0.9246,0.9153,0.9126,0.9136,0.9234,0.9136,0.9106,0.9724,0.0864,not-balanced,50,60,10,4,2,158,kbest,"['disgust', 'a_score']","{'disgust': 0.0014, 'a_score': 0.3527}",KNeighborsClassifier()
KNeighborsClassifier,0.9113,0.9222,0.9113,0.9001,0.0906,0.9094,0.92,0.9094,0.9062,0.9136,0.9234,0.9136,0.9106,0.9586,0.0864,not-balanced,50,60,10,3,1,225,kbest,"['disgust', 'a_score']","{'disgust': 0.0012, 'a_score': 0.3588}",KNeighborsClassifier()
KNeighborsClassifier,0.8916,0.9093,0.8916,0.884,0.0847,0.9153,0.9245,0.9153,0.9124,0.9136,0.9235,0.9136,0.9106,0.9743,0.0864,not-balanced,50,60,10,9,2,127,kbest,"['disgust', 'a_score']","{'disgust': 0.0015, 'a_score': 0.3542}",KNeighborsClassifier()
KNeighborsClassifier,0.9042,0.9183,0.9042,0.8939,0.0846,0.9154,0.9248,0.9154,0.9126,0.9135,0.9234,0.9135,0.9105,0.9633,0.0865,not-balanced,50,60,10,2,1,501,kbest,"['disgust', 'a_score']","{'disgust': 0.0015, 'a_score': 0.3552}",KNeighborsClassifier()
KNeighborsClassifier,0.8898,0.9065,0.8898,0.8816,0.0879,0.9121,0.9198,0.9121,0.9095,0.913,0.9213,0.913,0.9103,0.9735,0.087,not-balanced,60,60,10,8,1,364,kbest,"['fear', 'disgust', 'a_score']","{'fear': -0.0006, 'disgust': -0.0005, 'a_score': 0.3557}",KNeighborsClassifier()
KNeighborsClassifier,0.9071,0.9131,0.9071,0.8946,0.0844,0.9156,0.9252,0.9156,0.9129,0.913,0.9231,0.913,0.9099,0.9506,0.087,not-balanced,60,60,10,3,3,356,kbest,"['trust', 'disgust', 'a_score']","{'trust': 0.0007, 'disgust': 0.0007, 'a_score': 0.3493}",KNeighborsClassifier()
KNeighborsClassifier,0.8878,0.902,0.8878,0.8799,0.0877,0.9123,0.9225,0.9123,0.9092,0.9129,0.923,0.9129,0.9099,0.9598,0.0871,not-balanced,60,60,10,1,4,984,kbest,"['trust', 'disgust', 'a_score']","{'trust': 0.0006, 'disgust': 0.0, 'a_score': 0.3532}",KNeighborsClassifier()
KNeighborsClassifier,0.9026,0.9156,0.9026,0.8919,0.0871,0.9129,0.9198,0.9129,0.9103,0.9128,0.9208,0.9128,0.91,0.9662,0.0872,not-balanced,60,60,10,7,3,147,kbest,"['fear', 'disgust', 'a_score']","{'fear': 0.0001, 'disgust': -0.0002, 'a_score': 0.3553}",KNeighborsClassifier()
KNeighborsClassifier,0.8822,0.9018,0.8822,0.8752,0.086,0.914,0.9234,0.914,0.9111,0.9128,0.9225,0.9128,0.9098,0.9654,0.0872,not-balanced,60,60,10,2,5,583,kbest,"['trust', 'disgust', 'a_score']","{'trust': 0.0006, 'disgust': 0.0007, 'a_score': 0.3547}",KNeighborsClassifier()
KNeighborsClassifier,0.8915,0.906,0.8915,0.8827,0.0882,0.9118,0.9218,0.9118,0.9087,0.9126,0.9224,0.9126,0.9096,0.9573,0.0874,not-balanced,60,60,10,6,2,913,kbest,"['trust', 'disgust', 'a_score']","{'trust': 0.0007, 'disgust': 0.0009, 'a_score': 0.3576}",KNeighborsClassifier()
KNeighborsClassifier,0.8984,0.9072,0.8984,0.8889,0.0865,0.9135,0.9233,0.9135,0.9106,0.9125,0.9224,0.9125,0.9094,0.9709,0.0875,not-balanced,60,60,10,6,5,763,kbest,"['trust', 'disgust', 'a_score']","{'trust': 0.0007, 'disgust': 0.0009, 'a_score': 0.354}",KNeighborsClassifier()
KNeighborsClassifier,0.899,0.9121,0.899,0.8897,0.088,0.912,0.9201,0.912,0.9091,0.9123,0.9206,0.9123,0.9095,0.9594,0.0877,not-balanced,60,60,10,10,2,671,kbest,"['trust', 'disgust', 'a_score']","{'trust': -0.0002, 'disgust': 0.0003, 'a_score': 0.3567}",KNeighborsClassifier()
KNeighborsClassifier,0.9021,0.9106,0.9021,0.8919,0.089,0.911,0.9197,0.911,0.9082,0.9116,0.9199,0.9116,0.9087,0.953,0.0884,not-balanced,60,60,10,2,3,438,kbest,"['trust', 'disgust', 'a_score']","{'trust': 0.0011, 'disgust': 0.0004, 'a_score': 0.3528}",KNeighborsClassifier()
KNeighborsClassifier,0.8892,0.9104,0.8892,0.8818,0.0882,0.9118,0.9176,0.9118,0.9094,0.9116,0.9177,0.9116,0.9092,0.975,0.0884,not-balanced,50,60,10,1,5,837,kbest,"['disgust', 'a_score']","{'disgust': 0.0011, 'a_score': 0.3608}",KNeighborsClassifier()
KNeighborsClassifier,0.9104,0.9202,0.9104,0.8999,0.0917,0.9083,0.9141,0.9083,0.9057,0.9115,0.9176,0.9115,0.909,0.9671,0.0885,not-balanced,50,60,10,2,2,92,kbest,"['disgust', 'a_score']","{'disgust': 0.0036, 'a_score': 0.361}",KNeighborsClassifier()
KNeighborsClassifier,0.9121,0.9208,0.9121,0.8996,0.0855,0.9145,0.9199,0.9145,0.9124,0.9115,0.9176,0.9115,0.909,0.974,0.0885,not-balanced,50,60,10,9,4,80,kbest,"['disgust', 'a_score']","{'disgust': 0.0017, 'a_score': 0.3569}",KNeighborsClassifier()
KNeighborsClassifier,0.8892,0.9088,0.8892,0.8816,0.0877,0.9123,0.9178,0.9123,0.9099,0.9115,0.9176,0.9115,0.909,0.9735,0.0885,not-balanced,50,60,10,3,5,939,kbest,"['disgust', 'a_score']","{'disgust': 0.0028, 'a_score': 0.3564}",KNeighborsClassifier()
KNeighborsClassifier,0.8936,0.9116,0.8936,0.8854,0.088,0.912,0.9177,0.912,0.9097,0.9114,0.9175,0.9114,0.9089,0.9658,0.0886,not-balanced,50,60,10,8,4,516,kbest,"['disgust', 'a_score']","{'disgust': 0.003, 'a_score': 0.3579}",KNeighborsClassifier()
KNeighborsClassifier,0.8979,0.9149,0.8979,0.8891,0.0889,0.9111,0.9167,0.9111,0.9087,0.9114,0.9175,0.9114,0.9089,0.9584,0.0886,not-balanced,50,60,10,1,1,443,kbest,"['disgust', 'a_score']","{'disgust': 0.0027, 'a_score': 0.3585}",KNeighborsClassifier()
KNeighborsClassifier,0.8884,0.9101,0.8884,0.8806,0.0885,0.9115,0.9173,0.9115,0.9092,0.9114,0.9175,0.9114,0.9089,0.9732,0.0886,not-balanced,50,60,10,8,1,364,kbest,"['disgust', 'a_score']","{'disgust': 0.0032, 'a_score': 0.3528}",KNeighborsClassifier()
KNeighborsClassifier,0.8906,0.9047,0.8906,0.883,0.088,0.912,0.9207,0.912,0.9091,0.9113,0.9196,0.9113,0.9084,0.966,0.0887,not-balanced,60,60,10,6,1,699,kbest,"['trust', 'disgust', 'a_score']","{'trust': 0.0008, 'disgust': 0.0009, 'a_score': 0.3555}",KNeighborsClassifier()
KNeighborsClassifier,0.9078,0.9156,0.9078,0.8967,0.0904,0.9096,0.9173,0.9096,0.9069,0.911,0.9183,0.911,0.9083,0.9645,0.089,not-balanced,60,60,10,3,2,572,kbest,"['trust', 'disgust', 'a_score']","{'trust': 0.0018, 'disgust': 0.0029, 'a_score': 0.3605}",KNeighborsClassifier()
KNeighborsClassifier,0.8835,0.9024,0.8835,0.8771,0.0893,0.9107,0.9172,0.9107,0.9081,0.9109,0.9176,0.9109,0.9083,0.9736,0.0891,not-balanced,60,60,10,1,5,837,kbest,"['trust', 'disgust', 'a_score']","{'trust': 0.0019, 'disgust': 0.0033, 'a_score': 0.3597}",KNeighborsClassifier()
KNeighborsClassifier,0.9063,0.9207,0.9063,0.8967,0.0924,0.9076,0.9135,0.9076,0.905,0.9109,0.9168,0.9109,0.9085,0.9754,0.0891,not-balanced,50,60,10,7,1,908,kbest,"['disgust', 'a_score']","{'disgust': 0.0036, 'a_score': 0.3597}",KNeighborsClassifier()
KNeighborsClassifier,0.9059,0.9156,0.9059,0.895,0.0895,0.9105,0.9175,0.9105,0.908,0.9106,0.9177,0.9106,0.9079,0.9631,0.0894,not-balanced,60,60,10,3,4,139,kbest,"['trust', 'disgust', 'a_score']","{'trust': 0.0018, 'disgust': 0.0029, 'a_score': 0.356}",KNeighborsClassifier()
KNeighborsClassifier,0.9112,0.9181,0.9112,0.899,0.0912,0.9088,0.9164,0.9088,0.906,0.9106,0.918,0.9106,0.9078,0.9586,0.0894,not-balanced,60,60,10,9,5,447,kbest,"['trust', 'disgust', 'a_score']","{'trust': 0.0012, 'disgust': 0.0007, 'a_score': 0.3542}",KNeighborsClassifier()
KNeighborsClassifier,0.8993,0.9106,0.8993,0.89,0.0927,0.9073,0.9134,0.9073,0.9047,0.9104,0.9166,0.9104,0.9079,0.9558,0.0896,not-balanced,60,60,10,7,1,908,kbest,"['trust', 'disgust', 'a_score']","{'trust': 0.0001, 'disgust': 0.0045, 'a_score': 0.3597}",KNeighborsClassifier()
KNeighborsClassifier,0.8999,0.9113,0.8999,0.8895,0.0892,0.9108,0.9176,0.9108,0.9081,0.9101,0.9172,0.9101,0.9074,0.9597,0.0899,not-balanced,60,60,10,1,1,443,kbest,"['trust', 'disgust', 'a_score']","{'trust': 0.001, 'disgust': 0.0023, 'a_score': 0.3576}",KNeighborsClassifier()
KNeighborsClassifier,0.8899,0.8981,0.8899,0.8808,0.0934,0.9066,0.9139,0.9066,0.9037,0.9091,0.9173,0.9091,0.9062,0.967,0.0909,not-balanced,70,60,10,10,2,671,kbest,"['fear', 'trust', 'sadness', 'disgust', 'a_score']","{'fear': 0.0029, 'trust': 0.002, 'sadness': 0.0036, 'disgust': 0.0018, 'a_score': 0.3557}",KNeighborsClassifier()
KNeighborsClassifier,0.8952,0.9047,0.8952,0.8857,0.0897,0.9103,0.915,0.9103,0.9081,0.9091,0.9139,0.9091,0.9068,0.9585,0.0909,not-balanced,60,60,10,1,3,508,kbest,"['trust', 'disgust', 'a_score']","{'trust': 0.0015, 'disgust': 0.0038, 'a_score': 0.3586}",KNeighborsClassifier()
KNeighborsClassifier,0.8971,0.9065,0.8971,0.8885,0.0898,0.9102,0.9158,0.9102,0.9077,0.9088,0.9147,0.9088,0.9063,0.9721,0.0912,not-balanced,60,60,10,5,1,819,kbest,"['trust', 'disgust', 'a_score']","{'trust': 0.0024, 'disgust': 0.0034, 'a_score': 0.3545}",KNeighborsClassifier()
KNeighborsClassifier,0.8901,0.8992,0.8901,0.881,0.092,0.908,0.9153,0.908,0.9051,0.9076,0.9147,0.9076,0.9048,0.9675,0.0924,not-balanced,70,60,10,6,1,699,kbest,"['fear', 'trust', 'sadness', 'disgust', 'a_score']","{'fear': 0.0044, 'trust': 0.0018, 'sadness': 0.0036, 'disgust': 0.0029, 'a_score': 0.3543}",KNeighborsClassifier()
KNeighborsClassifier,0.9021,0.9115,0.9021,0.8912,0.0929,0.9071,0.9109,0.9071,0.9052,0.9071,0.9109,0.9071,0.9049,0.9727,0.0929,not-balanced,60,60,10,5,4,75,kbest,"['trust', 'disgust', 'a_score']","{'trust': 0.0015, 'disgust': 0.0016, 'a_score': 0.3492}",KNeighborsClassifier()
KNeighborsClassifier,0.8995,0.9083,0.8995,0.889,0.0949,0.9051,0.9114,0.9051,0.9024,0.9071,0.9135,0.9071,0.9044,0.956,0.0929,not-balanced,70,60,10,7,1,908,kbest,"['fear', 'trust', 'surprise', 'disgust', 'a_score']","{'fear': 0.0016, 'trust': 0.0024, 'surprise': 0.0029, 'disgust': 0.0051, 'a_score': 0.3607}",KNeighborsClassifier()
KNeighborsClassifier,0.8901,0.9002,0.8901,0.8806,0.0914,0.9086,0.9161,0.9086,0.9058,0.907,0.9146,0.907,0.9041,0.9664,0.093,not-balanced,70,60,10,6,5,763,kbest,"['fear', 'anger', 'trust', 'disgust', 'a_score']","{'fear': 0.0021, 'anger': 0.005, 'trust': 0.003, 'disgust': 0.0057, 'a_score': 0.3541}",KNeighborsClassifier()
KNeighborsClassifier,0.9026,0.9117,0.9026,0.8912,0.0916,0.9084,0.9116,0.9084,0.9065,0.9069,0.9106,0.9069,0.9048,0.9592,0.0931,not-balanced,60,60,10,5,5,929,kbest,"['trust', 'disgust', 'a_score']","{'trust': 0.0031, 'disgust': 0.0016, 'a_score': 0.3524}",KNeighborsClassifier()
KNeighborsClassifier,0.9067,0.9188,0.9067,0.896,0.0956,0.9044,0.9066,0.9044,0.9025,0.9069,0.9099,0.9069,0.905,0.9575,0.0931,not-balanced,50,60,10,9,5,447,kbest,"['trust', 'a_score']","{'trust': 0.0031, 'a_score': 0.3574}",KNeighborsClassifier()
KNeighborsClassifier,0.9042,0.9132,0.9042,0.8936,0.0949,0.9051,0.908,0.9051,0.9032,0.9067,0.91,0.9067,0.9047,0.9626,0.0933,not-balanced,60,60,10,2,4,649,kbest,"['trust', 'disgust', 'a_score']","{'trust': 0.002, 'disgust': 0.0016, 'a_score': 0.3517}",KNeighborsClassifier()
KNeighborsClassifier,0.8827,0.8934,0.8827,0.8751,0.0917,0.9083,0.9153,0.9083,0.9056,0.9067,0.914,0.9067,0.9038,0.9677,0.0933,not-balanced,70,60,10,10,5,103,kbest,"['fear', 'anger', 'trust', 'disgust', 'a_score']","{'fear': 0.0039, 'anger': 0.0072, 'trust': 0.0028, 'disgust': 0.0057, 'a_score': 0.353}",KNeighborsClassifier()
KNeighborsClassifier,0.8993,0.9099,0.8993,0.8901,0.093,0.907,0.91,0.907,0.905,0.9067,0.9103,0.9067,0.9046,0.9649,0.0933,not-balanced,60,60,10,5,3,168,kbest,"['trust', 'disgust', 'a_score']","{'trust': 0.0037, 'disgust': 0.0012, 'a_score': 0.3573}",KNeighborsClassifier()
KNeighborsClassifier,0.8924,0.9068,0.8924,0.8842,0.0941,0.9059,0.909,0.9059,0.9038,0.9065,0.9099,0.9065,0.9044,0.9639,0.0935,not-balanced,60,60,10,6,4,11,kbest,"['trust', 'disgust', 'a_score']","{'trust': 0.0027, 'disgust': 0.0015, 'a_score': 0.3578}",KNeighborsClassifier()
KNeighborsClassifier,0.8929,0.9009,0.8929,0.8829,0.0937,0.9063,0.913,0.9063,0.9036,0.9064,0.9133,0.9064,0.9036,0.9598,0.0936,not-balanced,70,60,10,1,4,984,kbest,"['fear', 'trust', 'sadness', 'disgust', 'a_score']","{'fear': 0.003, 'trust': 0.0027, 'sadness': 0.0037, 'disgust': 0.0007, 'a_score': 0.3518}",KNeighborsClassifier()
KNeighborsClassifier,0.9007,0.9066,0.9007,0.8888,0.0913,0.9087,0.9161,0.9087,0.906,0.9064,0.9141,0.9064,0.9034,0.9501,0.0936,not-balanced,70,60,10,5,5,929,kbest,"['fear', 'trust', 'surprise', 'disgust', 'a_score']","{'fear': 0.0033, 'trust': 0.0019, 'surprise': 0.0032, 'disgust': 0.0024, 'a_score': 0.3516}",KNeighborsClassifier()
KNeighborsClassifier,0.8816,0.8926,0.8816,0.8747,0.0944,0.9056,0.9105,0.9056,0.9031,0.9063,0.9111,0.9063,0.9039,0.9655,0.0937,not-balanced,70,60,10,5,3,168,kbest,"['fear', 'trust', 'sadness', 'disgust', 'a_score']","{'fear': 0.0065, 'trust': 0.0028, 'sadness': 0.0052, 'disgust': 0.0014, 'a_score': 0.3567}",KNeighborsClassifier()
KNeighborsClassifier,0.8967,0.9075,0.8967,0.8879,0.0914,0.9086,0.9105,0.9086,0.9069,0.906,0.9086,0.906,0.9041,0.9648,0.094,not-balanced,60,60,10,4,5,862,kbest,"['trust', 'disgust', 'a_score']","{'trust': 0.0033, 'disgust': 0.0009, 'a_score': 0.3527}",KNeighborsClassifier()
KNeighborsClassifier,0.8983,0.9055,0.8983,0.8882,0.0955,0.9045,0.9106,0.9045,0.9017,0.9059,0.9126,0.9059,0.9031,0.9574,0.0941,not-balanced,70,60,10,2,2,92,kbest,"['fear', 'anticipation', 'trust', 'disgust', 'a_score']","{'fear': 0.0037, 'anticipation': 0.0022, 'trust': 0.0037, 'disgust': 0.0071, 'a_score': 0.3566}",KNeighborsClassifier()
KNeighborsClassifier,0.8791,0.8922,0.8791,0.8719,0.0947,0.9053,0.9109,0.9053,0.9026,0.9057,0.9112,0.9057,0.9032,0.9685,0.0943,not-balanced,70,60,10,8,3,444,kbest,"['fear', 'trust', 'surprise', 'disgust', 'a_score']","{'fear': 0.002, 'trust': 0.0044, 'surprise': 0.0034, 'disgust': 0.0053, 'a_score': 0.3598}",KNeighborsClassifier()
KNeighborsClassifier,0.8903,0.8997,0.8903,0.8809,0.0943,0.9057,0.911,0.9057,0.9032,0.9056,0.9112,0.9056,0.903,0.9605,0.0944,not-balanced,70,60,10,1,3,508,kbest,"['anticipation', 'trust', 'disgust', 'joy', 'a_score']","{'anticipation': 0.0056, 'trust': 0.0028, 'disgust': 0.0039, 'joy': 0.0007, 'a_score': 0.3541}",KNeighborsClassifier()
KNeighborsClassifier,0.8857,0.9041,0.8857,0.877,0.0948,0.9052,0.9081,0.9052,0.9033,0.9053,0.908,0.9053,0.9033,0.9655,0.0947,not-balanced,60,60,10,9,1,404,kbest,"['trust', 'disgust', 'a_score']","{'trust': 0.0024, 'disgust': 0.0016, 'a_score': 0.3518}",KNeighborsClassifier()
KNeighborsClassifier,0.892,0.8985,0.892,0.8816,0.0944,0.9056,0.9101,0.9056,0.9032,0.905,0.9096,0.905,0.9025,0.9615,0.095,not-balanced,70,60,10,2,1,501,kbest,"['fear', 'trust', 'sadness', 'disgust', 'a_score']","{'fear': 0.0025, 'trust': 0.0023, 'sadness': 0.0041, 'disgust': 0.009, 'a_score': 0.3522}",KNeighborsClassifier()
KNeighborsClassifier,0.9045,0.9086,0.9045,0.8931,0.0951,0.9049,0.9088,0.9049,0.9025,0.9049,0.9095,0.9049,0.9025,0.9606,0.0951,not-balanced,70,60,10,10,3,638,kbest,"['fear', 'anticipation', 'trust', 'disgust', 'a_score']","{'fear': 0.0034, 'anticipation': 0.0049, 'trust': 0.003, 'disgust': 0.0075, 'a_score': 0.3543}",KNeighborsClassifier()
KNeighborsClassifier,0.8954,0.9081,0.8954,0.8867,0.0939,0.9061,0.9077,0.9061,0.9046,0.9048,0.9069,0.9048,0.903,0.966,0.0952,not-balanced,60,60,10,4,2,158,kbest,"['trust', 'disgust', 'a_score']","{'trust': 0.0043, 'disgust': 0.0035, 'a_score': 0.3556}",KNeighborsClassifier()
KNeighborsClassifier,0.8892,0.8976,0.8892,0.8802,0.0957,0.9043,0.9068,0.9043,0.9023,0.9046,0.9074,0.9046,0.9026,0.95,0.0954,not-balanced,70,60,10,1,1,443,kbest,"['fear', 'trust', 'sadness', 'disgust', 'a_score']","{'fear': 0.0028, 'trust': 0.0028, 'sadness': 0.0031, 'disgust': 0.002, 'a_score': 0.3532}",KNeighborsClassifier()
KNeighborsClassifier,0.9056,0.9124,0.9056,0.8944,0.0936,0.9064,0.9079,0.9064,0.9048,0.9046,0.9067,0.9046,0.9028,0.9446,0.0954,not-balanced,60,60,10,4,3,300,kbest,"['trust', 'disgust', 'a_score']","{'trust': 0.0015, 'disgust': 0.0008, 'a_score': 0.3546}",KNeighborsClassifier()
KNeighborsClassifier,0.9031,0.9101,0.9031,0.8929,0.0929,0.9071,0.9091,0.9071,0.9053,0.9045,0.9074,0.9045,0.9025,0.9571,0.0955,not-balanced,60,60,10,4,1,962,kbest,"['trust', 'disgust', 'a_score']","{'trust': 0.0031, 'disgust': 0.0011, 'a_score': 0.3537}",KNeighborsClassifier()
KNeighborsClassifier,0.8859,0.903,0.8859,0.8794,0.0939,0.9061,0.9075,0.9061,0.9044,0.9045,0.9066,0.9045,0.9026,0.9728,0.0955,not-balanced,60,60,10,6,3,463,kbest,"['trust', 'disgust', 'a_score']","{'trust': 0.0023, 'disgust': 0.0006, 'a_score': 0.3546}",KNeighborsClassifier()
KNeighborsClassifier,0.9088,0.9143,0.9088,0.8967,0.0974,0.9026,0.9066,0.9026,0.9003,0.904,0.9085,0.904,0.9016,0.9508,0.096,not-balanced,70,60,10,9,5,447,kbest,"['fear', 'trust', 'disgust', 'joy', 'a_score']","{'fear': 0.0045, 'trust': 0.0069, 'disgust': 0.0073, 'joy': 0.0024, 'a_score': 0.3538}",KNeighborsClassifier()
KNeighborsClassifier,0.8887,0.8974,0.8887,0.8784,0.0945,0.9055,0.9088,0.9055,0.9035,0.9038,0.9071,0.9038,0.9016,0.9615,0.0962,not-balanced,70,60,10,8,1,364,kbest,"['fear', 'surprise', 'sadness', 'disgust', 'a_score']","{'fear': 0.0045, 'surprise': 0.0023, 'sadness': 0.0105, 'disgust': 0.0007, 'a_score': 0.3535}",KNeighborsClassifier()
KNeighborsClassifier,0.8955,0.9045,0.8955,0.8845,0.0941,0.9059,0.9082,0.9059,0.904,0.9034,0.9067,0.9034,0.9012,0.9584,0.0966,not-balanced,70,60,10,9,2,127,kbest,"['fear', 'trust', 'sadness', 'disgust', 'a_score']","{'fear': 0.0029, 'trust': 0.0033, 'sadness': 0.0039, 'disgust': 0.0064, 'a_score': 0.3519}",KNeighborsClassifier()
KNeighborsClassifier,0.9072,0.915,0.9072,0.8973,0.0999,0.9001,0.9011,0.9001,0.8986,0.9031,0.9043,0.9031,0.9015,0.9465,0.0969,not-balanced,60,60,10,3,1,225,kbest,"['trust', 'disgust', 'a_score']","{'trust': 0.0052, 'disgust': 0.0041, 'a_score': 0.362}",KNeighborsClassifier()
KNeighborsClassifier,0.9038,0.9079,0.9038,0.8916,0.099,0.901,0.9065,0.901,0.8982,0.9031,0.9085,0.9031,0.9005,0.9523,0.0969,not-balanced,80,60,10,7,1,908,kbest,"['fear', 'trust', 'surprise', 'sadness', 'disgust', 'a_score']","{'fear': 0.0047, 'trust': 0.0037, 'surprise': 0.0049, 'sadness': 0.0043, 'disgust': 0.006, 'a_score': 0.3517}",KNeighborsClassifier()
KNeighborsClassifier,0.8975,0.9022,0.8975,0.8855,0.0947,0.9053,0.912,0.9053,0.9026,0.903,0.9099,0.903,0.9,0.9481,0.097,not-balanced,80,60,10,5,5,929,kbest,"['fear', 'anger', 'trust', 'surprise', 'disgust', 'a_score']","{'fear': 0.0043, 'anger': 0.0085, 'trust': 0.0027, 'surprise': 0.0047, 'disgust': 0.0046, 'a_score': 0.3503}",KNeighborsClassifier()
KNeighborsClassifier,0.8855,0.8939,0.8855,0.877,0.0941,0.9059,0.9096,0.9059,0.9037,0.9029,0.907,0.9029,0.9005,0.9628,0.0971,not-balanced,80,60,10,5,3,168,kbest,"['fear', 'trust', 'surprise', 'sadness', 'disgust', 'a_score']","{'fear': 0.0048, 'trust': 0.0034, 'surprise': 0.0051, 'sadness': 0.0072, 'disgust': 0.0013, 'a_score': 0.3563}",KNeighborsClassifier()
KNeighborsClassifier,0.888,0.8964,0.888,0.8775,0.0921,0.9079,0.9131,0.9079,0.9054,0.9028,0.9085,0.9028,0.9001,0.9636,0.0972,not-balanced,80,60,10,9,2,127,kbest,"['fear', 'trust', 'surprise', 'sadness', 'disgust', 'a_score']","{'fear': 0.0044, 'trust': 0.004, 'surprise': 0.0037, 'sadness': 0.004, 'disgust': 0.0086, 'a_score': 0.3494}",KNeighborsClassifier()
KNeighborsClassifier,0.889,0.8977,0.889,0.8794,0.0933,0.9067,0.9135,0.9067,0.9039,0.9028,0.9097,0.9028,0.8999,0.9664,0.0972,not-balanced,80,60,10,6,5,763,kbest,"['fear', 'anger', 'trust', 'surprise', 'disgust', 'a_score']","{'fear': 0.0037, 'anger': 0.0072, 'trust': 0.0032, 'surprise': 0.0061, 'disgust': 0.0067, 'a_score': 0.3553}",KNeighborsClassifier()
KNeighborsClassifier,0.8812,0.8915,0.8812,0.872,0.0962,0.9038,0.9084,0.9038,0.9013,0.9024,0.9071,0.9024,0.8998,0.9531,0.0976,not-balanced,80,60,10,1,4,984,kbest,"['fear', 'anger', 'trust', 'sadness', 'disgust', 'a_score']","{'fear': 0.0071, 'anger': 0.0119, 'trust': 0.0046, 'sadness': 0.0069, 'disgust': 0.0089, 'a_score': 0.352}",KNeighborsClassifier()
KNeighborsClassifier,0.8876,0.8951,0.8876,0.8782,0.0932,0.9068,0.9122,0.9068,0.9041,0.9021,0.9088,0.9021,0.8992,0.9595,0.0979,not-balanced,80,60,10,10,1,546,kbest,"['fear', 'anger', 'trust', 'sadness', 'disgust', 'a_score']","{'fear': 0.0087, 'anger': 0.0102, 'trust': 0.0047, 'sadness': 0.0056, 'disgust': 0.0093, 'a_score': 0.3524}",KNeighborsClassifier()
KNeighborsClassifier,0.8874,0.8978,0.8874,0.8771,0.0977,0.9023,0.9083,0.9023,0.8997,0.9021,0.9075,0.9021,0.8994,0.958,0.0979,not-balanced,80,60,10,9,1,404,kbest,"['fear', 'anger', 'trust', 'disgust', 'joy', 'a_score']","{'fear': 0.0036, 'anger': 0.0067, 'trust': 0.0035, 'disgust': 0.0109, 'joy': 0.0037, 'a_score': 0.3496}",KNeighborsClassifier()
KNeighborsClassifier,0.8903,0.8986,0.8903,0.8807,0.0954,0.9046,0.9056,0.9046,0.903,0.902,0.9039,0.902,0.9002,0.9671,0.098,not-balanced,70,60,10,5,2,41,kbest,"['fear', 'anger', 'trust', 'disgust', 'a_score']","{'fear': 0.0048, 'anger': 0.0053, 'trust': 0.0049, 'disgust': 0.0092, 'a_score': 0.3526}",KNeighborsClassifier()
KNeighborsClassifier,0.8943,0.9012,0.8943,0.8843,0.0932,0.9068,0.9127,0.9068,0.9042,0.9019,0.908,0.9019,0.8991,0.9582,0.0981,not-balanced,80,60,10,10,5,103,kbest,"['fear', 'anger', 'trust', 'surprise', 'disgust', 'a_score']","{'fear': 0.0047, 'anger': 0.0083, 'trust': 0.0029, 'surprise': 0.0058, 'disgust': 0.0104, 'a_score': 0.3504}",KNeighborsClassifier()
KNeighborsClassifier,0.8858,0.8949,0.8858,0.8769,0.0988,0.9012,0.9054,0.9012,0.8988,0.9016,0.9061,0.9016,0.899,0.9647,0.0984,not-balanced,80,60,10,7,2,330,kbest,"['fear', 'anticipation', 'trust', 'surprise', 'disgust', 'a_score']","{'fear': 0.0026, 'anticipation': 0.0059, 'trust': 0.0028, 'surprise': 0.0087, 'disgust': 0.003, 'a_score': 0.354}",KNeighborsClassifier()
KNeighborsClassifier,0.8932,0.9018,0.8932,0.8825,0.0979,0.9021,0.9054,0.9021,0.9,0.9014,0.9043,0.9014,0.8993,0.9613,0.0986,not-balanced,70,60,10,9,1,404,kbest,"['fear', 'anger', 'trust', 'disgust', 'a_score']","{'fear': 0.0034, 'anger': 0.0062, 'trust': 0.0045, 'disgust': 0.0091, 'a_score': 0.3499}",KNeighborsClassifier()
KNeighborsClassifier,0.8948,0.9018,0.8948,0.8834,0.0958,0.9042,0.9088,0.9042,0.9019,0.9013,0.9057,0.9013,0.8988,0.9511,0.0987,not-balanced,70,60,10,5,4,75,kbest,"['fear', 'trust', 'surprise', 'disgust', 'a_score']","{'fear': 0.0016, 'trust': 0.0032, 'surprise': 0.0028, 'disgust': 0.0028, 'a_score': 0.349}",KNeighborsClassifier()
KNeighborsClassifier,0.8961,0.9049,0.8961,0.886,0.0981,0.9019,0.9049,0.9019,0.8997,0.9012,0.9039,0.9012,0.8991,0.9693,0.0988,not-balanced,70,60,10,7,2,330,kbest,"['fear', 'trust', 'surprise', 'disgust', 'a_score']","{'fear': 0.0021, 'trust': 0.0034, 'surprise': 0.0065, 'disgust': 0.0038, 'a_score': 0.3522}",KNeighborsClassifier()
KNeighborsClassifier,0.895,0.9039,0.895,0.8846,0.0965,0.9035,0.9075,0.9035,0.9013,0.9012,0.905,0.9012,0.8989,0.9613,0.0988,not-balanced,70,60,10,3,4,139,kbest,"['fear', 'trust', 'surprise', 'disgust', 'a_score']","{'fear': 0.0026, 'trust': 0.0038, 'surprise': 0.0018, 'disgust': 0.0053, 'a_score': 0.3544}",KNeighborsClassifier()
KNeighborsClassifier,0.8991,0.9051,0.8991,0.887,0.0961,0.9039,0.906,0.9039,0.9021,0.9012,0.9037,0.9012,0.8992,0.9607,0.0988,not-balanced,70,60,10,3,3,356,kbest,"['fear', 'trust', 'sadness', 'disgust', 'a_score']","{'fear': 0.009, 'trust': 0.0031, 'sadness': 0.0092, 'disgust': 0.0068, 'a_score': 0.3533}",KNeighborsClassifier()
KNeighborsClassifier,0.8904,0.897,0.8904,0.8807,0.1005,0.8995,0.9041,0.8995,0.8967,0.9012,0.9064,0.9012,0.8985,0.961,0.0988,not-balanced,80,60,10,8,3,444,kbest,"['fear', 'trust', 'surprise', 'sadness', 'disgust', 'a_score']","{'fear': 0.0033, 'trust': 0.0047, 'surprise': 0.0075, 'sadness': 0.0044, 'disgust': 0.0037, 'a_score': 0.3545}",KNeighborsClassifier()
KNeighborsClassifier,0.9021,0.9076,0.9021,0.8891,0.0954,0.9046,0.9088,0.9046,0.9022,0.901,0.9062,0.901,0.8983,0.9557,0.099,not-balanced,80,60,10,7,3,147,kbest,"['fear', 'anger', 'trust', 'sadness', 'disgust', 'a_score']","{'fear': 0.0064, 'anger': 0.0082, 'trust': 0.0033, 'sadness': 0.0061, 'disgust': 0.0093, 'a_score': 0.3502}",KNeighborsClassifier()
KNeighborsClassifier,0.8898,0.899,0.8898,0.8809,0.0966,0.9034,0.9072,0.9034,0.9011,0.901,0.9051,0.901,0.8986,0.9674,0.099,not-balanced,80,60,10,1,5,837,kbest,"['fear', 'anger', 'trust', 'disgust', 'joy', 'a_score']","{'fear': 0.0031, 'anger': 0.0062, 'trust': 0.003, 'disgust': 0.0105, 'joy': 0.0022, 'a_score': 0.3562}",KNeighborsClassifier()
KNeighborsClassifier,0.897,0.9035,0.897,0.8858,0.0978,0.9022,0.9065,0.9022,0.8998,0.9009,0.905,0.9009,0.8984,0.959,0.0991,not-balanced,80,60,10,3,4,139,kbest,"['fear', 'anger', 'trust', 'surprise', 'disgust', 'a_score']","{'fear': 0.0033, 'anger': 0.006, 'trust': 0.0041, 'surprise': 0.0039, 'disgust': 0.0075, 'a_score': 0.3525}",KNeighborsClassifier()
KNeighborsClassifier,0.8995,0.906,0.8995,0.8892,0.1001,0.8999,0.9007,0.8999,0.8984,0.9009,0.9022,0.9009,0.8992,0.9613,0.0991,not-balanced,70,60,10,6,4,11,kbest,"['fear', 'trust', 'sadness', 'disgust', 'a_score']","{'fear': 0.0047, 'trust': 0.0048, 'sadness': 0.007, 'disgust': 0.0026, 'a_score': 0.3541}",KNeighborsClassifier()
KNeighborsClassifier,0.9073,0.9116,0.9073,0.8953,0.1034,0.8966,0.8994,0.8966,0.8944,0.9009,0.9035,0.9009,0.8988,0.9685,0.0991,not-balanced,70,60,10,3,1,225,kbest,"['fear', 'anger', 'trust', 'disgust', 'a_score']","{'fear': 0.004, 'anger': 0.0063, 'trust': 0.0046, 'disgust': 0.0104, 'a_score': 0.3547}",KNeighborsClassifier()
KNeighborsClassifier,0.8826,0.8926,0.8826,0.8737,0.0979,0.9021,0.9072,0.9021,0.8994,0.9007,0.9059,0.9007,0.8979,0.963,0.0993,not-balanced,80,60,10,10,2,671,kbest,"['fear', 'anger', 'trust', 'sadness', 'disgust', 'a_score']","{'fear': 0.0061, 'anger': 0.0084, 'trust': 0.0038, 'sadness': 0.005, 'disgust': 0.012, 'a_score': 0.3526}",KNeighborsClassifier()
KNeighborsClassifier,0.8983,0.9054,0.8983,0.8883,0.0972,0.9028,0.9045,0.9028,0.901,0.9006,0.903,0.9006,0.8985,0.9551,0.0994,not-balanced,70,60,10,4,1,962,kbest,"['fear', 'trust', 'surprise', 'disgust', 'a_score']","{'fear': 0.007, 'trust': 0.0059, 'surprise': 0.0053, 'disgust': 0.0071, 'a_score': 0.3544}",KNeighborsClassifier()
KNeighborsClassifier,0.8929,0.9026,0.8929,0.8839,0.0992,0.9008,0.9022,0.9008,0.8991,0.9006,0.9026,0.9006,0.8987,0.9681,0.0994,not-balanced,70,60,10,1,5,837,kbest,"['fear', 'anger', 'trust', 'disgust', 'a_score']","{'fear': 0.0022, 'anger': 0.0038, 'trust': 0.0058, 'disgust': 0.0106, 'a_score': 0.3563}",KNeighborsClassifier()
KNeighborsClassifier,0.8821,0.8918,0.8821,0.8734,0.0998,0.9002,0.904,0.9002,0.8978,0.9005,0.9047,0.9005,0.898,0.953,0.0995,not-balanced,80,60,10,1,1,443,kbest,"['fear', 'anger', 'trust', 'sadness', 'disgust', 'a_score']","{'fear': 0.0066, 'anger': 0.0085, 'trust': 0.0043, 'sadness': 0.0042, 'disgust': 0.0074, 'a_score': 0.3528}",KNeighborsClassifier()
KNeighborsClassifier,0.9048,0.9086,0.9048,0.8926,0.1033,0.8967,0.8991,0.8967,0.8946,0.9004,0.903,0.9004,0.8983,0.9506,0.0996,not-balanced,80,60,10,9,5,447,kbest,"['fear', 'trust', 'sadness', 'disgust', 'joy', 'a_score']","{'fear': 0.0039, 'trust': 0.0066, 'sadness': 0.0031, 'disgust': 0.0077, 'joy': 0.0036, 'a_score': 0.3537}",KNeighborsClassifier()
KNeighborsClassifier,0.8877,0.8953,0.8877,0.8777,0.0974,0.9026,0.9074,0.9026,0.9001,0.9003,0.905,0.9003,0.8977,0.9541,0.0997,not-balanced,80,60,10,2,1,501,kbest,"['fear', 'trust', 'surprise', 'sadness', 'disgust', 'a_score']","{'fear': 0.0087, 'trust': 0.0035, 'surprise': 0.0042, 'sadness': 0.0058, 'disgust': 0.0066, 'a_score': 0.3512}",KNeighborsClassifier()
KNeighborsClassifier,0.8903,0.8977,0.8903,0.8803,0.0978,0.9022,0.9061,0.9022,0.8999,0.9001,0.9041,0.9001,0.8976,0.9584,0.0999,not-balanced,80,60,10,1,3,508,kbest,"['anticipation', 'trust', 'surprise', 'disgust', 'joy', 'a_score']","{'anticipation': 0.0061, 'trust': 0.0041, 'surprise': 0.0066, 'disgust': 0.0016, 'joy': 0.0009, 'a_score': 0.3529}",KNeighborsClassifier()
KNeighborsClassifier,0.8987,0.9039,0.8987,0.8876,0.1011,0.8989,0.9027,0.8989,0.8964,0.8999,0.9045,0.8999,0.8973,0.9488,0.1001,not-balanced,80,60,10,2,2,92,kbest,"['fear', 'anticipation', 'trust', 'surprise', 'disgust', 'a_score']","{'fear': 0.0027, 'anticipation': 0.0039, 'trust': 0.0051, 'surprise': 0.0043, 'disgust': 0.008, 'a_score': 0.3562}",KNeighborsClassifier()
KNeighborsClassifier,0.8969,0.9041,0.8969,0.8857,0.0959,0.9041,0.9068,0.9041,0.9022,0.8993,0.9022,0.8993,0.8971,0.9588,0.1007,not-balanced,70,60,10,7,3,147,kbest,"['fear', 'anger', 'trust', 'disgust', 'a_score']","{'fear': 0.0063, 'anger': 0.0069, 'trust': 0.0022, 'disgust': 0.0087, 'a_score': 0.3503}",KNeighborsClassifier()
KNeighborsClassifier,0.8873,0.8993,0.8873,0.879,0.1001,0.8999,0.9005,0.8999,0.8985,0.8988,0.8997,0.8988,0.8972,0.9565,0.1012,not-balanced,70,60,10,3,5,939,kbest,"['fear', 'trust', 'disgust', 'joy', 'a_score']","{'fear': 0.0035, 'trust': 0.0067, 'disgust': 0.0081, 'joy': 0.0042, 'a_score': 0.3537}",KNeighborsClassifier()
KNeighborsClassifier,0.8979,0.9039,0.8979,0.8883,0.1002,0.8998,0.9008,0.8998,0.8981,0.8986,0.9001,0.8986,0.8968,0.9704,0.1014,not-balanced,70,60,10,5,1,819,kbest,"['anticipation', 'trust', 'surprise', 'disgust', 'a_score']","{'anticipation': 0.0037, 'trust': 0.0049, 'surprise': 0.0031, 'disgust': 0.0033, 'a_score': 0.3536}",KNeighborsClassifier()
KNeighborsClassifier,0.8857,0.895,0.8857,0.877,0.1029,0.8971,0.8984,0.8971,0.8953,0.8986,0.9003,0.8986,0.8967,0.9661,0.1014,not-balanced,80,60,10,8,5,824,kbest,"['fear', 'anger', 'trust', 'sadness', 'disgust', 'a_score']","{'fear': 0.0083, 'anger': 0.0099, 'trust': 0.0046, 'sadness': 0.0071, 'disgust': 0.0079, 'a_score': 0.3531}",KNeighborsClassifier()
KNeighborsClassifier,0.8984,0.9045,0.8984,0.8858,0.0974,0.9026,0.9052,0.9026,0.9006,0.8984,0.9014,0.8984,0.8961,0.9619,0.1016,not-balanced,80,60,10,3,3,356,kbest,"['fear', 'trust', 'surprise', 'sadness', 'disgust', 'a_score']","{'fear': 0.0093, 'trust': 0.0026, 'surprise': 0.0028, 'sadness': 0.0105, 'disgust': 0.0059, 'a_score': 0.3523}",KNeighborsClassifier()
KNeighborsClassifier,0.8922,0.9009,0.8922,0.8825,0.0995,0.9005,0.9009,0.9005,0.8992,0.8981,0.8989,0.8981,0.8965,0.9663,0.1019,not-balanced,70,60,10,4,5,862,kbest,"['fear', 'anger', 'trust', 'disgust', 'a_score']","{'fear': 0.0069, 'anger': 0.0086, 'trust': 0.0059, 'disgust': 0.0082, 'a_score': 0.354}",KNeighborsClassifier()
KNeighborsClassifier,0.8928,0.9004,0.8928,0.8829,0.1008,0.8992,0.9014,0.8992,0.8972,0.8972,0.8994,0.8972,0.8951,0.9551,0.1028,not-balanced,70,60,10,2,4,649,kbest,"['fear', 'trust', 'surprise', 'disgust', 'a_score']","{'fear': 0.0018, 'trust': 0.0058, 'surprise': 0.0042, 'disgust': 0.0024, 'a_score': 0.3517}",KNeighborsClassifier()
KNeighborsClassifier,0.8944,0.9033,0.8944,0.884,0.1067,0.8933,0.8959,0.8933,0.891,0.8972,0.8997,0.8972,0.8951,0.9683,0.1028,not-balanced,80,60,10,3,1,225,kbest,"['fear', 'anger', 'trust', 'surprise', 'disgust', 'a_score']","{'fear': 0.0039, 'anger': 0.0083, 'trust': 0.0077, 'surprise': 0.0056, 'disgust': 0.0112, 'a_score': 0.3542}",KNeighborsClassifier()
KNeighborsClassifier,0.8905,0.8964,0.8905,0.881,0.1021,0.8979,0.9005,0.8979,0.8956,0.897,0.8998,0.897,0.8947,0.9513,0.103,not-balanced,80,60,10,6,4,11,kbest,"['fear', 'trust', 'surprise', 'sadness', 'disgust', 'a_score']","{'fear': 0.0066, 'trust': 0.0059, 'surprise': 0.0048, 'sadness': 0.0034, 'disgust': 0.0036, 'a_score': 0.3524}",KNeighborsClassifier()
KNeighborsClassifier,0.8922,0.8997,0.8922,0.8815,0.1011,0.8989,0.9032,0.8989,0.8966,0.8969,0.9005,0.8969,0.8944,0.9572,0.1031,not-balanced,80,60,10,5,4,75,kbest,"['fear', 'anger', 'trust', 'surprise', 'disgust', 'a_score']","{'fear': 0.0059, 'anger': 0.0113, 'trust': 0.0044, 'surprise': 0.0042, 'disgust': 0.0089, 'a_score': 0.3483}",KNeighborsClassifier()
KNeighborsClassifier,0.8915,0.901,0.8915,0.8824,0.103,0.897,0.898,0.897,0.8954,0.8965,0.8974,0.8965,0.8949,0.9635,0.1035,not-balanced,70,60,10,7,4,71,kbest,"['fear', 'trust', 'surprise', 'disgust', 'a_score']","{'fear': 0.0032, 'trust': 0.0049, 'surprise': 0.0059, 'disgust': 0.0042, 'a_score': 0.3586}",KNeighborsClassifier()
KNeighborsClassifier,0.8928,0.9004,0.8928,0.8825,0.102,0.898,0.8987,0.898,0.8963,0.8963,0.8979,0.8963,0.8944,0.9478,0.1037,not-balanced,80,60,10,4,1,962,kbest,"['fear', 'trust', 'surprise', 'sadness', 'disgust', 'a_score']","{'fear': 0.0079, 'trust': 0.0064, 'surprise': 0.0077, 'sadness': 0.0041, 'disgust': 0.0038, 'a_score': 0.3554}",KNeighborsClassifier()
KNeighborsClassifier,0.9027,0.9054,0.9027,0.8906,0.0978,0.9022,0.9027,0.9022,0.9009,0.8959,0.8965,0.8959,0.8943,0.9612,0.1041,not-balanced,70,60,10,4,2,158,kbest,"['fear', 'trust', 'surprise', 'disgust', 'a_score']","{'fear': 0.0043, 'trust': 0.006, 'surprise': 0.0051, 'disgust': 0.0075, 'a_score': 0.3523}",KNeighborsClassifier()
KNeighborsClassifier,0.8851,0.8937,0.8851,0.8756,0.0996,0.9004,0.9021,0.9004,0.8986,0.8955,0.8972,0.8955,0.8936,0.9641,0.1045,not-balanced,80,60,10,8,1,364,kbest,"['fear', 'trust', 'surprise', 'sadness', 'disgust', 'a_score']","{'fear': 0.0051, 'trust': 0.0032, 'surprise': 0.0094, 'sadness': 0.0106, 'disgust': 0.006, 'a_score': 0.3554}",KNeighborsClassifier()
KNeighborsClassifier,0.8878,0.8971,0.8878,0.8785,0.1002,0.8998,0.9004,0.8998,0.8983,0.8952,0.8963,0.8952,0.8934,0.9595,0.1048,not-balanced,80,60,10,5,2,41,kbest,"['fear', 'anger', 'trust', 'surprise', 'disgust', 'a_score']","{'fear': 0.0024, 'anger': 0.0054, 'trust': 0.0054, 'surprise': 0.0079, 'disgust': 0.0073, 'a_score': 0.3562}",KNeighborsClassifier()
KNeighborsClassifier,0.8946,0.9005,0.8946,0.8832,0.0965,0.9035,0.9047,0.9035,0.9021,0.8945,0.8954,0.8945,0.8927,0.9607,0.1055,not-balanced,80,60,10,4,2,158,kbest,"['fear', 'anger', 'trust', 'surprise', 'disgust', 'a_score']","{'fear': 0.0028, 'anger': 0.0067, 'trust': 0.0054, 'surprise': 0.0063, 'disgust': 0.0068, 'a_score': 0.3491}",KNeighborsClassifier()
KNeighborsClassifier,0.8857,0.8937,0.8857,0.8763,0.1033,0.8967,0.8974,0.8967,0.895,0.8944,0.8955,0.8944,0.8926,0.9586,0.1056,not-balanced,80,60,10,4,5,862,kbest,"['fear', 'anger', 'trust', 'sadness', 'disgust', 'a_score']","{'fear': 0.007, 'anger': 0.0083, 'trust': 0.0058, 'sadness': 0.005, 'disgust': 0.0081, 'a_score': 0.3519}",KNeighborsClassifier()
KNeighborsClassifier,0.8744,0.8865,0.8744,0.8672,0.1051,0.8949,0.8961,0.8949,0.893,0.8934,0.8947,0.8934,0.8915,0.9577,0.1066,not-balanced,80,60,10,7,4,71,kbest,"['fear', 'trust', 'surprise', 'sadness', 'disgust', 'a_score']","{'fear': 0.0051, 'trust': 0.0058, 'surprise': 0.0066, 'sadness': 0.0049, 'disgust': 0.0055, 'a_score': 0.3572}",KNeighborsClassifier()
KNeighborsClassifier,0.8841,0.8949,0.8841,0.8755,0.1057,0.8943,0.8951,0.8943,0.8926,0.8932,0.894,0.8932,0.8915,0.9585,0.1068,not-balanced,80,60,10,2,4,649,kbest,"['fear', 'anger', 'trust', 'surprise', 'disgust', 'a_score']","{'fear': 0.0031, 'anger': 0.0093, 'trust': 0.0048, 'surprise': 0.0056, 'disgust': 0.0074, 'a_score': 0.3506}",KNeighborsClassifier()
KNeighborsClassifier,0.9083,0.9138,0.9083,0.8958,0.1285,0.8715,0.8863,0.8715,0.8734,0.8751,0.8904,0.8751,0.8771,0.9544,0.1249,not-balanced,70,60,10,2,3,438,kbest,"['fear', 'trust', 'surprise', 'disgust', 'a_score']","{'fear': -0.0016, 'trust': 0.0007, 'surprise': 0.0034, 'disgust': 0.0004, 'a_score': 0.3613}",KNeighborsClassifier()
KNeighborsClassifier,0.891,0.9004,0.891,0.8812,0.1286,0.8714,0.8856,0.8714,0.8733,0.8749,0.8885,0.8749,0.8768,0.9654,0.1251,not-balanced,70,60,10,9,3,815,kbest,"['fear', 'trust', 'surprise', 'disgust', 'a_score']","{'fear': -0.0013, 'trust': 0.0009, 'surprise': 0.0, 'disgust': -0.0012, 'a_score': 0.3566}",KNeighborsClassifier()
KNeighborsClassifier,0.9032,0.9122,0.9032,0.8927,0.1305,0.8695,0.8877,0.8695,0.8716,0.8728,0.892,0.8728,0.8749,0.9711,0.1272,not-balanced,60,60,10,10,5,103,kbest,"['trust', 'disgust', 'a_score']","{'trust': -0.0012, 'disgust': -0.0025, 'a_score': 0.3595}",KNeighborsClassifier()
KNeighborsClassifier,0.8969,0.9056,0.8969,0.8856,0.1295,0.8705,0.8828,0.8705,0.8723,0.8723,0.8856,0.8723,0.8742,0.9647,0.1277,not-balanced,70,60,10,2,5,583,kbest,"['fear', 'trust', 'sadness', 'disgust', 'a_score']","{'fear': 0.0042, 'trust': 0.0005, 'sadness': 0.0003, 'disgust': 0.0011, 'a_score': 0.3575}",KNeighborsClassifier()
KNeighborsClassifier,0.9007,0.9066,0.9007,0.8889,0.1313,0.8687,0.884,0.8687,0.8707,0.8721,0.8877,0.8721,0.8741,0.9533,0.1279,not-balanced,80,60,10,2,3,438,kbest,"['fear', 'trust', 'surprise', 'disgust', 'joy', 'a_score']","{'fear': 0.0002, 'trust': 0.0007, 'surprise': 0.0042, 'disgust': 0.0007, 'joy': 0.0016, 'a_score': 0.3552}",KNeighborsClassifier()
KNeighborsClassifier,0.893,0.9062,0.893,0.8845,0.1312,0.8688,0.8888,0.8688,0.8712,0.8718,0.8911,0.8718,0.8739,0.9698,0.1282,not-balanced,60,60,10,10,4,999,kbest,"['trust', 'disgust', 'a_score']","{'trust': -0.0014, 'disgust': -0.0026, 'a_score': 0.3603}",KNeighborsClassifier()
KNeighborsClassifier,0.8883,0.8982,0.8883,0.8795,0.13,0.87,0.8829,0.87,0.872,0.8713,0.8844,0.8713,0.8732,0.966,0.1287,not-balanced,70,60,10,8,2,571,kbest,"['fear', 'trust', 'sadness', 'disgust', 'a_score']","{'fear': 0.0007, 'trust': 0.0016, 'sadness': -0.0, 'disgust': 0.0001, 'a_score': 0.3581}",KNeighborsClassifier()
KNeighborsClassifier,0.9001,0.9087,0.9001,0.89,0.1272,0.8728,0.893,0.8728,0.8751,0.871,0.892,0.871,0.8732,0.9723,0.129,not-balanced,60,60,10,10,3,638,kbest,"['trust', 'disgust', 'a_score']","{'trust': 0.0003, 'disgust': -0.0028, 'a_score': 0.3548}",KNeighborsClassifier()
KNeighborsClassifier,0.8931,0.9008,0.8931,0.8817,0.1311,0.8689,0.8797,0.8689,0.8707,0.8709,0.8829,0.8709,0.8728,0.964,0.1291,not-balanced,80,60,10,2,5,583,kbest,"['fear', 'trust', 'sadness', 'disgust', 'joy', 'a_score']","{'fear': 0.004, 'trust': -0.0012, 'sadness': 0.0029, 'disgust': -0.0003, 'joy': -0.0012, 'a_score': 0.3534}",KNeighborsClassifier()
KNeighborsClassifier,0.8897,0.9066,0.8897,0.8824,0.1301,0.8699,0.8907,0.8699,0.8723,0.8707,0.8919,0.8707,0.873,0.9685,0.1293,not-balanced,60,60,10,8,2,571,kbest,"['trust', 'disgust', 'a_score']","{'trust': -0.002, 'disgust': -0.002, 'a_score': 0.3606}",KNeighborsClassifier()
KNeighborsClassifier,0.8962,0.9072,0.8962,0.8869,0.1325,0.8675,0.8909,0.8675,0.87,0.8706,0.8934,0.8706,0.8729,0.9712,0.1294,not-balanced,60,60,10,5,2,41,kbest,"['trust', 'disgust', 'a_score']","{'trust': -0.0008, 'disgust': 0.0006, 'a_score': 0.3636}",KNeighborsClassifier()
KNeighborsClassifier,0.9069,0.9155,0.9069,0.896,0.1297,0.8703,0.8905,0.8703,0.8725,0.8705,0.8914,0.8705,0.8727,0.9622,0.1295,not-balanced,60,60,10,2,1,501,kbest,"['trust', 'disgust', 'a_score']","{'trust': -0.0011, 'disgust': -0.001, 'a_score': 0.3559}",KNeighborsClassifier()
KNeighborsClassifier,0.8857,0.9002,0.8857,0.8792,0.1326,0.8674,0.889,0.8674,0.8698,0.8705,0.8919,0.8705,0.8728,0.9738,0.1295,not-balanced,60,60,10,7,5,90,kbest,"['trust', 'disgust', 'a_score']","{'trust': -0.0006, 'disgust': -0.0013, 'a_score': 0.3587}",KNeighborsClassifier()
KNeighborsClassifier,0.8858,0.9034,0.8858,0.8792,0.1341,0.8659,0.8885,0.8659,0.8683,0.8704,0.8929,0.8704,0.8726,0.9729,0.1296,not-balanced,60,60,10,8,3,444,kbest,"['trust', 'disgust', 'a_score']","{'trust': 0.0026, 'disgust': 0.0004, 'a_score': 0.3637}",KNeighborsClassifier()
KNeighborsClassifier,0.8861,0.8952,0.8861,0.877,0.1317,0.8683,0.8834,0.8683,0.8703,0.8702,0.8842,0.8702,0.8721,0.9645,0.1298,not-balanced,80,60,10,9,3,815,kbest,"['fear', 'anger', 'trust', 'surprise', 'disgust', 'a_score']","{'fear': 0.0013, 'anger': 0.0063, 'trust': 0.0004, 'surprise': 0.002, 'disgust': 0.007, 'a_score': 0.3572}",KNeighborsClassifier()
KNeighborsClassifier,0.8904,0.9054,0.8904,0.8822,0.1336,0.8664,0.8891,0.8664,0.8687,0.8701,0.893,0.8701,0.8724,0.9634,0.1299,not-balanced,60,60,10,7,2,330,kbest,"['trust', 'disgust', 'a_score']","{'trust': -0.0006, 'disgust': 0.0006, 'a_score': 0.3606}",KNeighborsClassifier()
KNeighborsClassifier,0.8971,0.9094,0.8971,0.8877,0.1346,0.8654,0.8884,0.8654,0.8678,0.8701,0.8925,0.8701,0.8724,0.9717,0.1299,not-balanced,60,60,10,3,5,939,kbest,"['trust', 'disgust', 'a_score']","{'trust': 0.0003, 'disgust': 0.0011, 'a_score': 0.3593}",KNeighborsClassifier()
KNeighborsClassifier,0.8916,0.899,0.8916,0.8822,0.1311,0.8689,0.8812,0.8689,0.8709,0.8699,0.8816,0.8699,0.8717,0.964,0.1301,not-balanced,80,60,10,8,2,571,kbest,"['fear', 'trust', 'surprise', 'sadness', 'disgust', 'a_score']","{'fear': 0.0007, 'trust': 0.0011, 'surprise': 0.0054, 'sadness': -0.0006, 'disgust': 0.001, 'a_score': 0.3547}",KNeighborsClassifier()
KNeighborsClassifier,0.8976,0.9067,0.8976,0.8877,0.1305,0.8695,0.8854,0.8695,0.8716,0.8699,0.8859,0.8699,0.872,0.9661,0.1301,not-balanced,70,60,10,8,4,516,kbest,"['fear', 'trust', 'surprise', 'disgust', 'a_score']","{'fear': 0.0038, 'trust': 0.0023, 'surprise': 0.0031, 'disgust': 0.0035, 'a_score': 0.3583}",KNeighborsClassifier()
KNeighborsClassifier,0.8925,0.9003,0.8925,0.8823,0.131,0.869,0.8815,0.869,0.8708,0.8699,0.8827,0.8699,0.8718,0.9577,0.1301,not-balanced,80,60,10,3,2,572,kbest,"['fear', 'trust', 'surprise', 'sadness', 'disgust', 'a_score']","{'fear': 0.0068, 'trust': 0.0001, 'surprise': 0.0018, 'sadness': -0.0004, 'disgust': 0.0037, 'a_score': 0.352}",KNeighborsClassifier()
KNeighborsClassifier,0.8959,0.9045,0.8959,0.8855,0.134,0.866,0.8835,0.866,0.8684,0.8698,0.8856,0.8698,0.8719,0.9688,0.1302,not-balanced,70,60,10,10,1,546,kbest,"['fear', 'anger', 'trust', 'disgust', 'a_score']","{'fear': -0.0011, 'anger': 0.0029, 'trust': 0.0003, 'disgust': 0.0021, 'a_score': 0.3632}",KNeighborsClassifier()
KNeighborsClassifier,0.8943,0.9043,0.8943,0.8842,0.1312,0.8688,0.8855,0.8688,0.8709,0.8697,0.888,0.8697,0.8718,0.9537,0.1303,not-balanced,70,60,10,9,4,80,kbest,"['fear', 'trust', 'surprise', 'disgust', 'a_score']","{'fear': 0.0034, 'trust': 0.003, 'surprise': -0.0004, 'disgust': 0.0022, 'a_score': 0.3556}",KNeighborsClassifier()
KNeighborsClassifier,0.904,0.9135,0.904,0.8944,0.1298,0.8702,0.8945,0.8702,0.8726,0.8694,0.894,0.8694,0.8717,0.9721,0.1306,not-balanced,50,60,10,8,2,571,kbest,"['trust', 'a_score']","{'trust': -0.0007, 'a_score': 0.3619}",KNeighborsClassifier()
KNeighborsClassifier,0.8991,0.9124,0.8991,0.89,0.1333,0.8667,0.8917,0.8667,0.8692,0.8692,0.8939,0.8692,0.8715,0.9731,0.1308,not-balanced,50,60,10,7,5,90,kbest,"['trust', 'a_score']","{'trust': 0.0, 'a_score': 0.3644}",KNeighborsClassifier()
KNeighborsClassifier,0.9053,0.9159,0.9053,0.8951,0.1331,0.8669,0.8926,0.8669,0.8693,0.8691,0.8943,0.8691,0.8715,0.9591,0.1309,not-balanced,60,60,10,7,4,71,kbest,"['fear', 'disgust', 'a_score']","{'fear': 0.0002, 'disgust': 0.0003, 'a_score': 0.3606}",KNeighborsClassifier()
KNeighborsClassifier,0.8844,0.9038,0.8844,0.8774,0.1332,0.8668,0.8936,0.8668,0.8692,0.8689,0.8957,0.8689,0.8713,0.9656,0.1311,not-balanced,60,60,10,8,4,516,kbest,"['fear', 'disgust', 'a_score']","{'fear': 0.0011, 'disgust': -0.0008, 'a_score': 0.3623}",KNeighborsClassifier()
KNeighborsClassifier,0.8951,0.9039,0.8951,0.8847,0.1316,0.8684,0.8866,0.8684,0.8705,0.8688,0.8865,0.8688,0.8709,0.9484,0.1312,not-balanced,70,60,10,6,2,913,kbest,"['fear', 'trust', 'surprise', 'disgust', 'a_score']","{'fear': 0.001, 'trust': 0.0026, 'surprise': 0.0018, 'disgust': 0.0017, 'a_score': 0.3579}",KNeighborsClassifier()
KNeighborsClassifier,0.8853,0.896,0.8853,0.8763,0.1319,0.8681,0.8827,0.8681,0.8702,0.8688,0.8839,0.8688,0.8709,0.9582,0.1312,not-balanced,80,60,10,6,1,699,kbest,"['fear', 'anger', 'trust', 'sadness', 'disgust', 'a_score']","{'fear': 0.0003, 'anger': 0.0088, 'trust': 0.0017, 'sadness': -0.0022, 'disgust': 0.0068, 'a_score': 0.3583}",KNeighborsClassifier()
KNeighborsClassifier,0.8876,0.8974,0.8876,0.8795,0.1329,0.8671,0.8876,0.8671,0.8695,0.8683,0.8877,0.8683,0.8705,0.968,0.1317,not-balanced,70,60,10,7,5,90,kbest,"['fear', 'anger', 'trust', 'disgust', 'a_score']","{'fear': 0.0009, 'anger': 0.0063, 'trust': 0.0015, 'disgust': 0.0047, 'a_score': 0.3565}",KNeighborsClassifier()
KNeighborsClassifier,0.9004,0.9031,0.9004,0.889,0.131,0.869,0.883,0.869,0.8711,0.8679,0.882,0.8679,0.8699,0.9542,0.1321,not-balanced,80,60,10,10,3,638,kbest,"['fear', 'anticipation', 'trust', 'sadness', 'disgust', 'a_score']","{'fear': 0.0001, 'anticipation': 0.006, 'trust': 0.0009, 'sadness': -0.0023, 'disgust': 0.0042, 'a_score': 0.3533}",KNeighborsClassifier()
KNeighborsClassifier,0.893,0.9014,0.893,0.8829,0.1338,0.8662,0.8825,0.8662,0.8684,0.8678,0.8846,0.8678,0.87,0.9507,0.1322,not-balanced,80,60,10,9,4,80,kbest,"['fear', 'trust', 'surprise', 'sadness', 'disgust', 'a_score']","{'fear': 0.0001, 'trust': 0.0037, 'surprise': 0.0015, 'sadness': 0.0006, 'disgust': 0.0031, 'a_score': 0.3549}",KNeighborsClassifier()
KNeighborsClassifier,0.8913,0.9012,0.8913,0.8822,0.1325,0.8675,0.8826,0.8675,0.8696,0.8676,0.8842,0.8676,0.8697,0.9675,0.1324,not-balanced,70,60,10,3,2,572,kbest,"['fear', 'trust', 'sadness', 'disgust', 'a_score']","{'fear': 0.0025, 'trust': 0.0006, 'sadness': -0.0025, 'disgust': 0.0043, 'a_score': 0.3546}",KNeighborsClassifier()
KNeighborsClassifier,0.9035,0.9088,0.9035,0.8907,0.1353,0.8647,0.8798,0.8647,0.8668,0.8673,0.8826,0.8673,0.8694,0.9521,0.1327,not-balanced,80,60,10,4,3,300,kbest,"['fear', 'anger', 'trust', 'surprise', 'disgust', 'a_score']","{'fear': 0.0018, 'anger': 0.0052, 'trust': 0.0008, 'surprise': 0.004, 'disgust': 0.0057, 'a_score': 0.3555}",KNeighborsClassifier()
KNeighborsClassifier,0.9016,0.9083,0.9016,0.8907,0.1371,0.8629,0.8924,0.8629,0.8655,0.8667,0.8948,0.8667,0.8691,0.9578,0.1333,not-balanced,60,60,10,9,2,127,kbest,"['trust', 'disgust', 'a_score']","{'trust': 0.0007, 'disgust': -0.0017, 'a_score': 0.3574}",KNeighborsClassifier()
KNeighborsClassifier,0.8881,0.8953,0.8881,0.879,0.1335,0.8665,0.8849,0.8665,0.8688,0.8666,0.8844,0.8666,0.8688,0.9656,0.1334,not-balanced,80,60,10,7,5,90,kbest,"['fear', 'anger', 'trust', 'disgust', 'joy', 'a_score']","{'fear': 0.0005, 'anger': 0.0047, 'trust': 0.0016, 'disgust': 0.0045, 'joy': 0.0018, 'a_score': 0.3561}",KNeighborsClassifier()
KNeighborsClassifier,0.8919,0.8998,0.8919,0.8828,0.1385,0.8615,0.8828,0.8615,0.8639,0.8664,0.886,0.8664,0.8687,0.9696,0.1336,not-balanced,70,60,10,8,5,824,kbest,"['fear', 'trust', 'sadness', 'disgust', 'a_score']","{'fear': 0.0024, 'trust': 0.0034, 'sadness': -0.0008, 'disgust': -0.002, 'a_score': 0.3563}",KNeighborsClassifier()
KNeighborsClassifier,0.8989,0.9101,0.8989,0.8902,0.1352,0.8648,0.8933,0.8648,0.8673,0.8664,0.8948,0.8664,0.8689,0.9673,0.1336,not-balanced,60,60,10,1,2,943,kbest,"['trust', 'disgust', 'a_score']","{'trust': 0.0005, 'disgust': -0.0007, 'a_score': 0.3586}",KNeighborsClassifier()
KNeighborsClassifier,0.8923,0.9001,0.8923,0.8823,0.1348,0.8652,0.881,0.8652,0.8673,0.8663,0.8815,0.8663,0.8684,0.9631,0.1337,not-balanced,80,60,10,8,4,516,kbest,"['fear', 'trust', 'surprise', 'sadness', 'disgust', 'a_score']","{'fear': 0.0038, 'trust': 0.0027, 'surprise': 0.004, 'sadness': 0.0025, 'disgust': 0.004, 'a_score': 0.357}",KNeighborsClassifier()
KNeighborsClassifier,0.8848,0.9076,0.8848,0.8786,0.1345,0.8655,0.8959,0.8655,0.868,0.8659,0.8962,0.8659,0.8683,0.9739,0.1341,not-balanced,50,60,10,4,5,862,kbest,"['disgust', 'a_score']","{'disgust': -0.0017, 'a_score': 0.3575}",KNeighborsClassifier()
KNeighborsClassifier,0.8858,0.8942,0.8858,0.8773,0.1367,0.8633,0.8822,0.8633,0.8656,0.8659,0.883,0.8659,0.8681,0.9607,0.1341,not-balanced,80,60,10,3,5,939,kbest,"['fear', 'trust', 'sadness', 'disgust', 'joy', 'a_score']","{'fear': 0.002, 'trust': 0.0008, 'sadness': 0.0028, 'disgust': 0.0034, 'joy': -0.0018, 'a_score': 0.3572}",KNeighborsClassifier()
KNeighborsClassifier,0.8852,0.9075,0.8852,0.8786,0.1357,0.8643,0.8954,0.8643,0.8668,0.8659,0.8962,0.8659,0.8683,0.9647,0.1341,not-balanced,50,60,10,4,4,285,kbest,"['disgust', 'a_score']","{'disgust': -0.0019, 'a_score': 0.3613}",KNeighborsClassifier()
KNeighborsClassifier,0.9039,0.9134,0.9039,0.8943,0.1335,0.8665,0.8958,0.8665,0.8691,0.8659,0.8959,0.8659,0.8683,0.9463,0.1341,not-balanced,60,60,10,2,2,92,kbest,"['trust', 'disgust', 'a_score']","{'trust': -0.0001, 'disgust': -0.0029, 'a_score': 0.3581}",KNeighborsClassifier()
KNeighborsClassifier,0.8905,0.9104,0.8905,0.8829,0.1356,0.8644,0.8938,0.8644,0.8669,0.8657,0.896,0.8657,0.8682,0.9584,0.1343,not-balanced,50,60,10,7,4,71,kbest,"['disgust', 'a_score']","{'disgust': -0.0021, 'a_score': 0.3602}",KNeighborsClassifier()
KNeighborsClassifier,0.9083,0.9176,0.9083,0.8977,0.133,0.867,0.8965,0.867,0.8695,0.8657,0.896,0.8657,0.8682,0.9575,0.1343,not-balanced,50,60,10,10,2,671,kbest,"['disgust', 'a_score']","{'disgust': -0.0014, 'a_score': 0.3592}",KNeighborsClassifier()
KNeighborsClassifier,0.8923,0.8998,0.8923,0.883,0.1359,0.8641,0.8835,0.8641,0.8665,0.8657,0.8844,0.8657,0.868,0.9668,0.1343,not-balanced,80,60,10,5,1,819,kbest,"['fear', 'anticipation', 'trust', 'surprise', 'disgust', 'a_score']","{'fear': 0.0035, 'anticipation': 0.0002, 'trust': 0.0049, 'surprise': 0.004, 'disgust': 0.0032, 'a_score': 0.3576}",KNeighborsClassifier()
KNeighborsClassifier,0.8963,0.9019,0.8963,0.8856,0.1353,0.8647,0.8828,0.8647,0.8669,0.8657,0.8834,0.8657,0.8679,0.9653,0.1343,not-balanced,80,60,10,1,2,943,kbest,"['fear', 'trust', 'surprise', 'sadness', 'disgust', 'a_score']","{'fear': 0.0019, 'trust': 0.0027, 'surprise': 0.0016, 'sadness': -0.0022, 'disgust': 0.0009, 'a_score': 0.3542}",KNeighborsClassifier()
KNeighborsClassifier,0.9039,0.9184,0.9039,0.8928,0.1332,0.8668,0.8958,0.8668,0.869,0.8657,0.896,0.8657,0.8682,0.9711,0.1343,not-balanced,50,60,10,9,1,404,kbest,"['disgust', 'a_score']","{'disgust': -0.0008, 'a_score': 0.3571}",KNeighborsClassifier()
KNeighborsClassifier,0.8976,0.9133,0.8976,0.8879,0.1311,0.8689,0.8966,0.8689,0.8712,0.8656,0.8959,0.8656,0.8681,0.9732,0.1344,not-balanced,50,60,10,2,5,583,kbest,"['disgust', 'a_score']","{'disgust': -0.0016, 'a_score': 0.3583}",KNeighborsClassifier()
KNeighborsClassifier,0.8947,0.9026,0.8947,0.8849,0.1375,0.8625,0.8869,0.8625,0.865,0.8654,0.8879,0.8654,0.8677,0.9689,0.1346,not-balanced,70,60,10,4,4,285,kbest,"['fear', 'trust', 'sadness', 'disgust', 'a_score']","{'fear': 0.0011, 'trust': 0.0034, 'sadness': 0.0015, 'disgust': 0.0023, 'a_score': 0.3533}",KNeighborsClassifier()
KNeighborsClassifier,0.9099,0.9165,0.9099,0.8976,0.135,0.865,0.895,0.865,0.8674,0.8654,0.8961,0.8654,0.8679,0.9414,0.1346,not-balanced,50,60,10,3,3,356,kbest,"['disgust', 'a_score']","{'disgust': -0.0012, 'a_score': 0.358}",KNeighborsClassifier()
KNeighborsClassifier,0.8928,0.9022,0.8928,0.8839,0.1372,0.8628,0.8862,0.8628,0.8654,0.865,0.8861,0.865,0.8673,0.9631,0.135,not-balanced,70,60,10,10,4,999,kbest,"['fear', 'trust', 'surprise', 'disgust', 'a_score']","{'fear': -0.0008, 'trust': 0.0029, 'surprise': 0.0011, 'disgust': -0.0028, 'a_score': 0.3595}",KNeighborsClassifier()
KNeighborsClassifier,0.9001,0.9086,0.9001,0.8899,0.1374,0.8626,0.8938,0.8626,0.865,0.8649,0.8949,0.8649,0.8674,0.9717,0.1351,not-balanced,60,60,10,9,3,815,kbest,"['trust', 'disgust', 'a_score']","{'trust': 0.0005, 'disgust': -0.0008, 'a_score': 0.3606}",KNeighborsClassifier()
KNeighborsClassifier,0.8908,0.9051,0.8908,0.8838,0.1398,0.8602,0.8919,0.8602,0.8628,0.8647,0.895,0.8647,0.8672,0.9667,0.1353,not-balanced,60,60,10,8,5,824,kbest,"['trust', 'disgust', 'a_score']","{'trust': 0.0011, 'disgust': -0.0022, 'a_score': 0.3633}",KNeighborsClassifier()
KNeighborsClassifier,0.9054,0.9138,0.9054,0.8937,0.1342,0.8658,0.8973,0.8658,0.8682,0.8646,0.8968,0.8646,0.8671,0.9636,0.1354,not-balanced,60,60,10,9,4,80,kbest,"['trust', 'disgust', 'a_score']","{'trust': 0.0016, 'disgust': -0.0003, 'a_score': 0.3598}",KNeighborsClassifier()
KNeighborsClassifier,0.9045,0.9097,0.9045,0.892,0.1396,0.8604,0.8844,0.8604,0.8628,0.8645,0.8874,0.8645,0.8669,0.9495,0.1355,not-balanced,70,60,10,4,3,300,kbest,"['fear', 'trust', 'surprise', 'disgust', 'a_score']","{'fear': 0.0019, 'trust': 0.0035, 'surprise': 0.0041, 'disgust': 0.001, 'a_score': 0.358}",KNeighborsClassifier()
KNeighborsClassifier,0.8774,0.8928,0.8774,0.8709,0.1368,0.8632,0.8892,0.8632,0.8658,0.8645,0.8883,0.8645,0.8669,0.969,0.1355,not-balanced,70,60,10,6,3,463,kbest,"['fear', 'anger', 'trust', 'disgust', 'a_score']","{'fear': 0.0001, 'anger': 0.0047, 'trust': 0.0027, 'disgust': 0.0045, 'a_score': 0.3603}",KNeighborsClassifier()
KNeighborsClassifier,0.888,0.9033,0.888,0.8808,0.1384,0.8616,0.8951,0.8616,0.8642,0.8645,0.8968,0.8645,0.867,0.973,0.1355,not-balanced,60,60,10,4,4,285,kbest,"['trust', 'disgust', 'a_score']","{'trust': 0.0015, 'disgust': 0.0005, 'a_score': 0.3612}",KNeighborsClassifier()
KNeighborsClassifier,0.8914,0.8985,0.8914,0.8813,0.1338,0.8662,0.8843,0.8662,0.8684,0.8643,0.882,0.8643,0.8666,0.965,0.1357,not-balanced,80,60,10,4,4,285,kbest,"['fear', 'anger', 'trust', 'sadness', 'disgust', 'a_score']","{'fear': 0.0003, 'anger': 0.0048, 'trust': 0.0017, 'sadness': 0.0032, 'disgust': 0.0055, 'a_score': 0.356}",KNeighborsClassifier()
KNeighborsClassifier,0.8918,0.8999,0.8918,0.8811,0.134,0.866,0.8839,0.866,0.8682,0.8641,0.882,0.8641,0.8664,0.9477,0.1359,not-balanced,80,60,10,6,2,913,kbest,"['fear', 'anger', 'trust', 'surprise', 'disgust', 'a_score']","{'fear': 0.0013, 'anger': 0.0067, 'trust': 0.0032, 'surprise': 0.004, 'disgust': 0.0078, 'a_score': 0.3543}",KNeighborsClassifier()
KNeighborsClassifier,0.897,0.9081,0.897,0.8873,0.1431,0.8569,0.8896,0.8569,0.8598,0.8641,0.8942,0.8641,0.8666,0.956,0.1359,not-balanced,60,60,10,10,1,546,kbest,"['trust', 'disgust', 'a_score']","{'trust': 0.0008, 'disgust': -0.0009, 'a_score': 0.3595}",KNeighborsClassifier()
KNeighborsClassifier,0.8872,0.8964,0.8872,0.8786,0.1387,0.8613,0.8838,0.8613,0.8639,0.8638,0.885,0.8638,0.8662,0.966,0.1362,not-balanced,80,60,10,6,3,463,kbest,"['fear', 'anger', 'trust', 'sadness', 'disgust', 'a_score']","{'fear': -0.0006, 'anger': 0.0055, 'trust': 0.0024, 'sadness': -0.0031, 'disgust': 0.0052, 'a_score': 0.3565}",KNeighborsClassifier()
KNeighborsClassifier,0.8873,0.9075,0.8873,0.8806,0.1415,0.8585,0.8978,0.8585,0.8613,0.8634,0.9002,0.8634,0.8659,0.9669,0.1366,not-balanced,50,60,10,6,3,463,kbest,"['disgust', 'a_score']","{'disgust': 0.0001, 'a_score': 0.3606}",KNeighborsClassifier()
KNeighborsClassifier,0.8979,0.9133,0.8979,0.8887,0.1439,0.8561,0.8962,0.8561,0.859,0.8633,0.8999,0.8633,0.8658,0.9739,0.1367,not-balanced,50,60,10,10,1,546,kbest,"['disgust', 'a_score']","{'disgust': 0.0002, 'a_score': 0.3635}",KNeighborsClassifier()
KNeighborsClassifier,0.9094,0.918,0.9094,0.8982,0.1389,0.8611,0.898,0.8611,0.8635,0.8633,0.8999,0.8633,0.8658,0.941,0.1367,not-balanced,50,60,10,3,4,139,kbest,"['disgust', 'a_score']","{'disgust': 0.0007, 'a_score': 0.3627}",KNeighborsClassifier()
KNeighborsClassifier,0.8853,0.909,0.8853,0.8789,0.1419,0.8581,0.8965,0.8581,0.8607,0.8633,0.8999,0.8633,0.8658,0.9678,0.1367,not-balanced,50,60,10,6,5,763,kbest,"['disgust', 'a_score']","{'disgust': 0.0001, 'a_score': 0.3649}",KNeighborsClassifier()
KNeighborsClassifier,0.9132,0.9236,0.9132,0.9012,0.1374,0.8626,0.9004,0.8626,0.8653,0.8632,0.9004,0.8632,0.8657,0.9563,0.1368,not-balanced,50,60,10,4,1,962,kbest,"['disgust', 'a_score']","{'disgust': 0.0003, 'a_score': 0.3626}",KNeighborsClassifier()
KNeighborsClassifier,0.8979,0.9039,0.8979,0.8875,0.1354,0.8646,0.8909,0.8646,0.8671,0.8631,0.889,0.8631,0.8656,0.9679,0.1369,not-balanced,70,60,10,1,2,943,kbest,"['fear', 'trust', 'surprise', 'disgust', 'a_score']","{'fear': 0.0014, 'trust': 0.003, 'surprise': 0.0, 'disgust': 0.0014, 'a_score': 0.3539}",KNeighborsClassifier()
KNeighborsClassifier,0.8999,0.916,0.8999,0.8908,0.1367,0.8633,0.9005,0.8633,0.8659,0.8629,0.9001,0.8629,0.8655,0.9651,0.1371,not-balanced,50,60,10,1,2,943,kbest,"['disgust', 'a_score']","{'disgust': 0.0007, 'a_score': 0.3621}",KNeighborsClassifier()
KNeighborsClassifier,0.8879,0.9084,0.8879,0.8806,0.1403,0.8597,0.8988,0.8597,0.8624,0.8629,0.9001,0.8629,0.8655,0.9649,0.1371,not-balanced,50,60,10,5,2,41,kbest,"['disgust', 'a_score']","{'disgust': 0.0005, 'a_score': 0.3632}",KNeighborsClassifier()
KNeighborsClassifier,0.8854,0.8953,0.8854,0.8768,0.1377,0.8623,0.8845,0.8623,0.8648,0.8623,0.8823,0.8623,0.8646,0.9611,0.1377,not-balanced,80,60,10,10,4,999,kbest,"['fear', 'anger', 'trust', 'surprise', 'disgust', 'a_score']","{'fear': 0.0008, 'anger': 0.0072, 'trust': 0.0037, 'surprise': 0.0026, 'disgust': 0.002, 'a_score': 0.3571}",KNeighborsClassifier()
